"Tabela 6804 - Domicílios particulares permanentes ocupados, por existência de canalização de água e principal forma de abastecimento de água"
"Variável - Domicílios particulares permanentes ocupados (Unidades)"
"Nível";"Cód.";"Município";"Existência de canalização de água";"Ano x Principal forma de abastecimento de água"
"Nível";"Cód.";"Município";"Existência de canalização de água";"2022"
"Nível";"Cód.";"Município";"Existência de canalização de água";"Total";"Rede geral de distribuição";"Poço profundo ou artesiano";"Poço raso, freático ou cacimba";"Fonte, nascente ou mina";"Carro-pipa";"Água da chuva armazenada";"Rios, açudes, córregos, lagos e igarapés";"Outra"
"MU";"3300100";"Angra dos Reis (RJ)";"Total";"62126";"54510";"578";"68";"6648";"7";"11";"151";"153"
"MU";"3300100";"Angra dos Reis (RJ)";"Canalizada até dentro da casa, apartamento ou habitação";"61620";"54356";"537";"64";"6378";"7";"9";"139";"130"
"MU";"3300100";"Angra dos Reis (RJ)";"Canalizada, mas apenas no terreno";"336";"154";"19";"2";"149";"-";"-";"10";"2"
"MU";"3300100";"Angra dos Reis (RJ)";"Sem água canalizada";"170";"-";"22";"2";"121";"-";"2";"2";"21"
"MU";"3300159";"Aperibé (RJ)";"Total";"4334";"3761";"473";"70";"26";"-";"-";"-";"4"
"MU";"3300159";"Aperibé (RJ)";"Canalizada até dentro da casa, apartamento ou habitação";"4320";"3759";"465";"68";"26";"-";"-";"-";"2"
"MU";"3300159";"Aperibé (RJ)";"Canalizada, mas apenas no terreno";"6";"2";"3";"1";"-";"-";"-";"-";"-"
"MU";"3300159";"Aperibé (RJ)";"Sem água canalizada";"8";"-";"5";"1";"-";"-";"-";"-";"2"
"MU";"3300209";"Araruama (RJ)";"Total";"48144";"45825";"1246";"618";"113";"145";"29";"6";"162"
"MU";"3300209";"Araruama (RJ)";"Canalizada até dentro da casa, apartamento ou habitação";"47150";"45498";"874";"467";"104";"92";"19";"6";"90"
"MU";"3300209";"Araruama (RJ)";"Canalizada, mas apenas no terreno";"576";"327";"161";"35";"9";"21";"3";"-";"20"
"MU";"3300209";"Araruama (RJ)";"Sem água canalizada";"418";"-";"211";"116";"-";"32";"7";"-";"52"
"MU";"3300225";"Areal (RJ)";"Total";"4231";"3011";"339";"229";"609";"7";"1";"32";"3"
"MU";"3300225";"Areal (RJ)";"Canalizada até dentro da casa, apartamento ou habitação";"4178";"3007";"325";"228";"595";"7";"1";"13";"2"
"MU";"3300225";"Areal (RJ)";"Canalizada, mas apenas no terreno";"26";"4";"12";"1";"6";"-";"-";"2";"1"
"MU";"3300225";"Areal (RJ)";"Sem água canalizada";"27";"-";"2";"-";"8";"-";"-";"17";"-"
"MU";"3300233";"Armação dos Búzios (RJ)";"Total";"14920";"14086";"341";"27";"12";"347";"9";"3";"95"
"MU";"3300233";"Armação dos Búzios (RJ)";"Canalizada até dentro da casa, apartamento ou habitação";"14464";"13804";"295";"25";"11";"234";"9";"3";"83"
"MU";"3300233";"Armação dos Búzios (RJ)";"Canalizada, mas apenas no terreno";"360";"282";"32";"2";"1";"41";"-";"-";"2"
"MU";"3300233";"Armação dos Búzios (RJ)";"Sem água canalizada";"96";"-";"14";"-";"-";"72";"-";"-";"10"
"MU";"3300258";"Arraial do Cabo (RJ)";"Total";"11542";"9072";"2185";"34";"32";"174";"10";"1";"34"
"MU";"3300258";"Arraial do Cabo (RJ)";"Canalizada até dentro da casa, apartamento ou habitação";"11142";"8973";"1994";"30";"32";"95";"2";"1";"15"
"MU";"3300258";"Arraial do Cabo (RJ)";"Canalizada, mas apenas no terreno";"276";"99";"124";"2";"-";"48";"3";"-";"-"
"MU";"3300258";"Arraial do Cabo (RJ)";"Sem água canalizada";"124";"-";"67";"2";"-";"31";"5";"-";"19"
"MU";"3300308";"Barra do Piraí (RJ)";"Total";"34992";"28217";"2230";"2807";"1070";"590";"6";"27";"45"
"MU";"3300308";"Barra do Piraí (RJ)";"Canalizada até dentro da casa, apartamento ou habitação";"34278";"28061";"2103";"2625";"955";"491";"6";"13";"24"
"MU";"3300308";"Barra do Piraí (RJ)";"Canalizada, mas apenas no terreno";"511";"156";"62";"145";"84";"55";"-";"8";"1"
"MU";"3300308";"Barra do Piraí (RJ)";"Sem água canalizada";"203";"-";"65";"37";"31";"44";"-";"6";"20"
"MU";"3300407";"Barra Mansa (RJ)";"Total";"62890";"58800";"2157";"887";"856";"64";"37";"49";"40"
"MU";"3300407";"Barra Mansa (RJ)";"Canalizada até dentro da casa, apartamento ou habitação";"62508";"58720";"2060";"786";"822";"56";"4";"47";"13"
"MU";"3300407";"Barra Mansa (RJ)";"Canalizada, mas apenas no terreno";"167";"80";"39";"27";"10";"3";"5";"-";"3"
"MU";"3300407";"Barra Mansa (RJ)";"Sem água canalizada";"215";"-";"58";"74";"24";"5";"28";"2";"24"
"MU";"3300456";"Belford Roxo (RJ)";"Total";"180893";"134297";"41700";"1284";"211";"264";"90";"52";"2995"
"MU";"3300456";"Belford Roxo (RJ)";"Canalizada até dentro da casa, apartamento ou habitação";"168898";"131638";"34594";"860";"161";"134";"39";"43";"1429"
"MU";"3300456";"Belford Roxo (RJ)";"Canalizada, mas apenas no terreno";"5135";"2659";"2030";"170";"24";"15";"8";"5";"224"
"MU";"3300456";"Belford Roxo (RJ)";"Sem água canalizada";"6860";"-";"5076";"254";"26";"115";"43";"4";"1342"
"MU";"3300506";"Bom Jardim (RJ)";"Total";"10878";"6288";"1450";"219";"2885";"25";"-";"10";"1"
"MU";"3300506";"Bom Jardim (RJ)";"Canalizada até dentro da casa, apartamento ou habitação";"10869";"6286";"1448";"217";"2883";"24";"-";"10";"1"
"MU";"3300506";"Bom Jardim (RJ)";"Canalizada, mas apenas no terreno";"6";"2";"1";"1";"2";"-";"-";"-";"-"
"MU";"3300506";"Bom Jardim (RJ)";"Sem água canalizada";"3";"-";"1";"1";"-";"1";"-";"-";"-"
"MU";"3300605";"Bom Jesus do Itabapoana (RJ)";"Total";"13384";"11627";"840";"141";"716";"29";"1";"10";"20"
"MU";"3300605";"Bom Jesus do Itabapoana (RJ)";"Canalizada até dentro da casa, apartamento ou habitação";"13342";"11605";"833";"139";"712";"29";"-";"10";"14"
"MU";"3300605";"Bom Jesus do Itabapoana (RJ)";"Canalizada, mas apenas no terreno";"34";"22";"7";"1";"3";"-";"-";"-";"1"
"MU";"3300605";"Bom Jesus do Itabapoana (RJ)";"Sem água canalizada";"8";"-";"-";"1";"1";"-";"1";"-";"5"
"MU";"3300704";"Cabo Frio (RJ)";"Total";"82015";"71485";"7644";"688";"51";"1530";"71";"7";"539"
"MU";"3300704";"Cabo Frio (RJ)";"Canalizada até dentro da casa, apartamento ou habitação";"78927";"69966";"6875";"575";"45";"1123";"48";"7";"288"
"MU";"3300704";"Cabo Frio (RJ)";"Canalizada, mas apenas no terreno";"2064";"1519";"280";"61";"4";"131";"7";"-";"62"
"MU";"3300704";"Cabo Frio (RJ)";"Sem água canalizada";"1024";"-";"489";"52";"2";"276";"16";"-";"189"
"MU";"3300803";"Cachoeiras de Macacu (RJ)";"Total";"22265";"16803";"2175";"421";"2814";"4";"4";"12";"32"
"MU";"3300803";"Cachoeiras de Macacu (RJ)";"Canalizada até dentro da casa, apartamento ou habitação";"21960";"16614";"2132";"399";"2781";"3";"4";"11";"16"
"MU";"3300803";"Cachoeiras de Macacu (RJ)";"Canalizada, mas apenas no terreno";"259";"189";"31";"13";"23";"1";"-";"-";"2"
"MU";"3300803";"Cachoeiras de Macacu (RJ)";"Sem água canalizada";"46";"-";"12";"9";"10";"-";"-";"1";"14"
"MU";"3300902";"Cambuci (RJ)";"Total";"5799";"4266";"666";"221";"592";"1";"-";"11";"42"
"MU";"3300902";"Cambuci (RJ)";"Canalizada até dentro da casa, apartamento ou habitação";"5768";"4259";"661";"218";"583";"1";"-";"9";"37"
"MU";"3300902";"Cambuci (RJ)";"Canalizada, mas apenas no terreno";"15";"7";"2";"-";"6";"-";"-";"-";"-"
"MU";"3300902";"Cambuci (RJ)";"Sem água canalizada";"16";"-";"3";"3";"3";"-";"-";"2";"5"
"MU";"3300936";"Carapebus (RJ)";"Total";"5034";"1176";"1314";"2285";"16";"222";"1";"2";"18"
"MU";"3300936";"Carapebus (RJ)";"Canalizada até dentro da casa, apartamento ou habitação";"4485";"1150";"1154";"2026";"15";"129";"-";"1";"10"
"MU";"3300936";"Carapebus (RJ)";"Canalizada, mas apenas no terreno";"505";"26";"141";"252";"1";"82";"1";"-";"2"
"MU";"3300936";"Carapebus (RJ)";"Sem água canalizada";"44";"-";"19";"7";"-";"11";"-";"1";"6"
"MU";"3300951";"Comendador Levy Gasparian (RJ)";"Total";"3015";"2841";"62";"6";"94";"1";"2";"6";"3"
"MU";"3300951";"Comendador Levy Gasparian (RJ)";"Canalizada até dentro da casa, apartamento ou habitação";"2989";"2823";"61";"5";"92";"1";"1";"4";"2"
"MU";"3300951";"Comendador Levy Gasparian (RJ)";"Canalizada, mas apenas no terreno";"23";"18";"1";"1";"2";"-";"1";"-";"-"
"MU";"3300951";"Comendador Levy Gasparian (RJ)";"Sem água canalizada";"3";"-";"-";"-";"-";"-";"-";"2";"1"
"MU";"3301009";"Campos dos Goytacazes (RJ)";"Total";"175744";"142364";"19680";"11986";"572";"269";"27";"128";"718"
"MU";"3301009";"Campos dos Goytacazes (RJ)";"Canalizada até dentro da casa, apartamento ou habitação";"170878";"141184";"17933";"10751";"536";"166";"10";"81";"217"
"MU";"3301009";"Campos dos Goytacazes (RJ)";"Canalizada, mas apenas no terreno";"3154";"1180";"1017";"698";"34";"48";"4";"18";"155"
"MU";"3301009";"Campos dos Goytacazes (RJ)";"Sem água canalizada";"1712";"-";"730";"537";"2";"55";"13";"29";"346"
"MU";"3301108";"Cantagalo (RJ)";"Total";"7289";"5910";"555";"28";"740";"3";"4";"40";"9"
"MU";"3301108";"Cantagalo (RJ)";"Canalizada até dentro da casa, apartamento ou habitação";"7220";"5874";"546";"28";"728";"-";"1";"37";"6"
"MU";"3301108";"Cantagalo (RJ)";"Canalizada, mas apenas no terreno";"54";"36";"7";"-";"4";"-";"2";"2";"3"
"MU";"3301108";"Cantagalo (RJ)";"Sem água canalizada";"15";"-";"2";"-";"8";"3";"1";"1";"-"
"MU";"3301157";"Cardoso Moreira (RJ)";"Total";"4985";"3607";"811";"296";"237";"19";"-";"5";"10"
"MU";"3301157";"Cardoso Moreira (RJ)";"Canalizada até dentro da casa, apartamento ou habitação";"4877";"3533";"798";"290";"230";"13";"-";"5";"8"
"MU";"3301157";"Cardoso Moreira (RJ)";"Canalizada, mas apenas no terreno";"87";"74";"5";"2";"3";"2";"-";"-";"1"
"MU";"3301157";"Cardoso Moreira (RJ)";"Sem água canalizada";"21";"-";"8";"4";"4";"4";"-";"-";"1"
"MU";"3301207";"Carmo (RJ)";"Total";"6683";"6123";"154";"28";"357";"-";"-";"2";"19"
"MU";"3301207";"Carmo (RJ)";"Canalizada até dentro da casa, apartamento ou habitação";"6655";"6114";"151";"28";"355";"-";"-";"2";"5"
"MU";"3301207";"Carmo (RJ)";"Canalizada, mas apenas no terreno";"23";"9";"-";"-";"1";"-";"-";"-";"13"
"MU";"3301207";"Carmo (RJ)";"Sem água canalizada";"5";"-";"3";"-";"1";"-";"-";"-";"1"
"MU";"3301306";"Casimiro de Abreu (RJ)";"Total";"16907";"14875";"1065";"150";"520";"101";"61";"6";"129"
"MU";"3301306";"Casimiro de Abreu (RJ)";"Canalizada até dentro da casa, apartamento ou habitação";"15515";"13872";"832";"145";"513";"40";"23";"6";"84"
"MU";"3301306";"Casimiro de Abreu (RJ)";"Canalizada, mas apenas no terreno";"1270";"1003";"159";"3";"6";"36";"32";"-";"31"
"MU";"3301306";"Casimiro de Abreu (RJ)";"Sem água canalizada";"122";"-";"74";"2";"1";"25";"6";"-";"14"
"MU";"3301405";"Conceição de Macabu (RJ)";"Total";"7901";"3530";"3165";"833";"350";"8";"1";"4";"10"
"MU";"3301405";"Conceição de Macabu (RJ)";"Canalizada até dentro da casa, apartamento ou habitação";"7602";"3500";"2941";"805";"337";"8";"1";"3";"7"
"MU";"3301405";"Conceição de Macabu (RJ)";"Canalizada, mas apenas no terreno";"98";"30";"52";"15";"1";"-";"-";"-";"-"
"MU";"3301405";"Conceição de Macabu (RJ)";"Sem água canalizada";"201";"-";"172";"13";"12";"-";"-";"1";"3"
"MU";"3301504";"Cordeiro (RJ)";"Total";"7959";"7538";"107";"10";"290";"1";"2";"1";"10"
"MU";"3301504";"Cordeiro (RJ)";"Canalizada até dentro da casa, apartamento ou habitação";"7933";"7531";"96";"10";"286";"-";"-";"1";"9"
"MU";"3301504";"Cordeiro (RJ)";"Canalizada, mas apenas no terreno";"12";"7";"2";"-";"3";"-";"-";"-";"-"
"MU";"3301504";"Cordeiro (RJ)";"Sem água canalizada";"14";"-";"9";"-";"1";"1";"2";"-";"1"
"MU";"3301603";"Duas Barras (RJ)";"Total";"4151";"2920";"299";"20";"897";"8";"-";"5";"2"
"MU";"3301603";"Duas Barras (RJ)";"Canalizada até dentro da casa, apartamento ou habitação";"4119";"2915";"295";"19";"877";"7";"-";"5";"1"
"MU";"3301603";"Duas Barras (RJ)";"Canalizada, mas apenas no terreno";"25";"5";"3";"-";"16";"-";"-";"-";"1"
"MU";"3301603";"Duas Barras (RJ)";"Sem água canalizada";"7";"-";"1";"1";"4";"1";"-";"-";"-"
"MU";"3301702";"Duque de Caxias (RJ)";"Total";"298064";"176732";"106585";"6756";"1369";"2730";"280";"110";"3502"
"MU";"3301702";"Duque de Caxias (RJ)";"Canalizada até dentro da casa, apartamento ou habitação";"272579";"167754";"93390";"5871";"1179";"1838";"101";"75";"2371"
"MU";"3301702";"Duque de Caxias (RJ)";"Canalizada, mas apenas no terreno";"16778";"8978";"6809";"377";"43";"215";"45";"14";"297"
"MU";"3301702";"Duque de Caxias (RJ)";"Sem água canalizada";"8707";"-";"6386";"508";"147";"677";"134";"21";"834"
"MU";"3301801";"Engenheiro Paulo de Frontin (RJ)";"Total";"4791";"2377";"1000";"790";"596";"1";"3";"19";"5"
"MU";"3301801";"Engenheiro Paulo de Frontin (RJ)";"Canalizada até dentro da casa, apartamento ou habitação";"4745";"2366";"982";"783";"587";"1";"3";"19";"4"
"MU";"3301801";"Engenheiro Paulo de Frontin (RJ)";"Canalizada, mas apenas no terreno";"32";"11";"11";"5";"5";"-";"-";"-";"-"
"MU";"3301801";"Engenheiro Paulo de Frontin (RJ)";"Sem água canalizada";"14";"-";"7";"2";"4";"-";"-";"-";"1"
"MU";"3301850";"Guapimirim (RJ)";"Total";"18498";"11753";"4484";"613";"1289";"32";"12";"65";"250"
"MU";"3301850";"Guapimirim (RJ)";"Canalizada até dentro da casa, apartamento ou habitação";"17568";"11536";"3907";"577";"1275";"25";"7";"64";"177"
"MU";"3301850";"Guapimirim (RJ)";"Canalizada, mas apenas no terreno";"403";"217";"152";"14";"5";"2";"2";"1";"10"
"MU";"3301850";"Guapimirim (RJ)";"Sem água canalizada";"527";"-";"425";"22";"9";"5";"3";"-";"63"
"MU";"3301876";"Iguaba Grande (RJ)";"Total";"10312";"9962";"78";"14";"35";"177";"11";"9";"26"
"MU";"3301876";"Iguaba Grande (RJ)";"Canalizada até dentro da casa, apartamento ou habitação";"10135";"9861";"55";"9";"35";"151";"6";"9";"9"
"MU";"3301876";"Iguaba Grande (RJ)";"Canalizada, mas apenas no terreno";"121";"101";"7";"1";"-";"8";"1";"-";"3"
"MU";"3301876";"Iguaba Grande (RJ)";"Sem água canalizada";"56";"-";"16";"4";"-";"18";"4";"-";"14"
"MU";"3301900";"Itaboraí (RJ)";"Total";"86584";"21854";"46398";"13673";"131";"2267";"162";"185";"1914"
"MU";"3301900";"Itaboraí (RJ)";"Canalizada até dentro da casa, apartamento ou habitação";"81200";"21275";"43705";"12346";"121";"1944";"114";"172";"1523"
"MU";"3301900";"Itaboraí (RJ)";"Canalizada, mas apenas no terreno";"2475";"579";"1079";"617";"4";"88";"5";"3";"100"
"MU";"3301900";"Itaboraí (RJ)";"Sem água canalizada";"2909";"-";"1614";"710";"6";"235";"43";"10";"291"
"MU";"3302007";"Itaguaí (RJ)";"Total";"42279";"34163";"6253";"196";"681";"7";"10";"317";"652"
"MU";"3302007";"Itaguaí (RJ)";"Canalizada até dentro da casa, apartamento ou habitação";"41529";"33968";"5821";"177";"646";"5";"9";"316";"587"
"MU";"3302007";"Itaguaí (RJ)";"Canalizada, mas apenas no terreno";"365";"195";"153";"6";"5";"-";"-";"1";"5"
"MU";"3302007";"Itaguaí (RJ)";"Sem água canalizada";"385";"-";"279";"13";"30";"2";"1";"-";"60"
"MU";"3302056";"Italva (RJ)";"Total";"5598";"4835";"376";"118";"110";"123";"-";"5";"31"
"MU";"3302056";"Italva (RJ)";"Canalizada até dentro da casa, apartamento ou habitação";"5503";"4801";"350";"115";"107";"109";"-";"3";"18"
"MU";"3302056";"Italva (RJ)";"Canalizada, mas apenas no terreno";"57";"34";"13";"-";"2";"4";"-";"1";"3"
"MU";"3302056";"Italva (RJ)";"Sem água canalizada";"38";"-";"13";"3";"1";"10";"-";"1";"10"
"MU";"3302106";"Itaocara (RJ)";"Total";"9046";"7364";"1290";"225";"118";"7";"-";"30";"12"
"MU";"3302106";"Itaocara (RJ)";"Canalizada até dentro da casa, apartamento ou habitação";"9002";"7354";"1277";"218";"113";"7";"-";"28";"5"
"MU";"3302106";"Itaocara (RJ)";"Canalizada, mas apenas no terreno";"28";"10";"10";"3";"4";"-";"-";"1";"-"
"MU";"3302106";"Itaocara (RJ)";"Sem água canalizada";"16";"-";"3";"4";"1";"-";"-";"1";"7"
"MU";"3302205";"Itaperuna (RJ)";"Total";"38479";"35384";"1427";"488";"958";"8";"3";"60";"151"
"MU";"3302205";"Itaperuna (RJ)";"Canalizada até dentro da casa, apartamento ou habitação";"38211";"35274";"1364";"467";"934";"5";"3";"55";"109"
"MU";"3302205";"Itaperuna (RJ)";"Canalizada, mas apenas no terreno";"183";"110";"38";"11";"15";"2";"-";"1";"6"
"MU";"3302205";"Itaperuna (RJ)";"Sem água canalizada";"85";"-";"25";"10";"9";"1";"-";"4";"36"
"MU";"3302254";"Itatiaia (RJ)";"Total";"11374";"10106";"38";"28";"1077";"71";"-";"45";"9"
"MU";"3302254";"Itatiaia (RJ)";"Canalizada até dentro da casa, apartamento ou habitação";"11278";"10055";"37";"26";"1053";"61";"-";"41";"5"
"MU";"3302254";"Itatiaia (RJ)";"Canalizada, mas apenas no terreno";"68";"51";"1";"2";"9";"1";"-";"4";"-"
"MU";"3302254";"Itatiaia (RJ)";"Sem água canalizada";"28";"-";"-";"-";"15";"9";"-";"-";"4"
"MU";"3302270";"Japeri (RJ)";"Total";"32110";"19877";"10036";"946";"275";"77";"21";"112";"766"
"MU";"3302270";"Japeri (RJ)";"Canalizada até dentro da casa, apartamento ou habitação";"29803";"19098";"8979";"759";"258";"63";"14";"91";"541"
"MU";"3302270";"Japeri (RJ)";"Canalizada, mas apenas no terreno";"1497";"779";"509";"121";"6";"6";"1";"17";"58"
"MU";"3302270";"Japeri (RJ)";"Sem água canalizada";"810";"-";"548";"66";"11";"8";"6";"4";"167"
"MU";"3302304";"Laje do Muriaé (RJ)";"Total";"2728";"2084";"435";"39";"162";"-";"2";"2";"4"
"MU";"3302304";"Laje do Muriaé (RJ)";"Canalizada até dentro da casa, apartamento ou habitação";"2714";"2079";"432";"38";"162";"-";"-";"2";"1"
"MU";"3302304";"Laje do Muriaé (RJ)";"Canalizada, mas apenas no terreno";"7";"5";"1";"1";"-";"-";"-";"-";"-"
"MU";"3302304";"Laje do Muriaé (RJ)";"Sem água canalizada";"7";"-";"2";"-";"-";"-";"2";"-";"3"
"MU";"3302403";"Macaé (RJ)";"Total";"92716";"75306";"11595";"496";"2212";"1760";"35";"212";"1100"
"MU";"3302403";"Macaé (RJ)";"Canalizada até dentro da casa, apartamento ou habitação";"82916";"70057";"8436";"433";"2168";"1302";"25";"192";"303"
"MU";"3302403";"Macaé (RJ)";"Canalizada, mas apenas no terreno";"6601";"5249";"979";"32";"34";"102";"2";"16";"187"
"MU";"3302403";"Macaé (RJ)";"Sem água canalizada";"3199";"-";"2180";"31";"10";"356";"8";"4";"610"
"MU";"3302452";"Macuco (RJ)";"Total";"1940";"1757";"67";"4";"109";"-";"-";"-";"3"
"MU";"3302452";"Macuco (RJ)";"Canalizada até dentro da casa, apartamento ou habitação";"1938";"1757";"67";"4";"108";"-";"-";"-";"2"
"MU";"3302452";"Macuco (RJ)";"Canalizada, mas apenas no terreno";"1";"-";"-";"-";"1";"-";"-";"-";"-"
"MU";"3302452";"Macuco (RJ)";"Sem água canalizada";"1";"-";"-";"-";"-";"-";"-";"-";"1"
"MU";"3302502";"Magé (RJ)";"Total";"82906";"25455";"46603";"3024";"5227";"279";"149";"1052";"1117"
"MU";"3302502";"Magé (RJ)";"Canalizada até dentro da casa, apartamento ou habitação";"75964";"23168";"42815";"2717";"5113";"185";"81";"990";"895"
"MU";"3302502";"Magé (RJ)";"Canalizada, mas apenas no terreno";"4046";"2287";"1395";"162";"52";"38";"30";"28";"54"
"MU";"3302502";"Magé (RJ)";"Sem água canalizada";"2896";"-";"2393";"145";"62";"56";"38";"34";"168"
"MU";"3302601";"Mangaratiba (RJ)";"Total";"15765";"8052";"732";"43";"5672";"4";"6";"1167";"89"
"MU";"3302601";"Mangaratiba (RJ)";"Canalizada até dentro da casa, apartamento ou habitação";"15613";"8005";"711";"42";"5623";"4";"5";"1164";"59"
"MU";"3302601";"Mangaratiba (RJ)";"Canalizada, mas apenas no terreno";"98";"47";"8";"1";"36";"-";"1";"2";"3"
"MU";"3302601";"Mangaratiba (RJ)";"Sem água canalizada";"54";"-";"13";"-";"13";"-";"-";"1";"27"
"MU";"3302700";"Maricá (RJ)";"Total";"73454";"25870";"40661";"2987";"364";"2736";"385";"60";"391"
"MU";"3302700";"Maricá (RJ)";"Canalizada até dentro da casa, apartamento ou habitação";"68374";"25398";"37270";"2507";"335";"2263";"275";"53";"273"
"MU";"3302700";"Maricá (RJ)";"Canalizada, mas apenas no terreno";"2167";"472";"1491";"71";"3";"93";"18";"5";"14"
"MU";"3302700";"Maricá (RJ)";"Sem água canalizada";"2913";"-";"1900";"409";"26";"380";"92";"2";"104"
"MU";"3302809";"Mendes (RJ)";"Total";"6917";"4937";"602";"837";"403";"126";"2";"3";"7"
"MU";"3302809";"Mendes (RJ)";"Canalizada até dentro da casa, apartamento ou habitação";"6792";"4917";"564";"784";"392";"123";"2";"3";"7"
"MU";"3302809";"Mendes (RJ)";"Canalizada, mas apenas no terreno";"35";"20";"5";"9";"1";"-";"-";"-";"-"
"MU";"3302809";"Mendes (RJ)";"Sem água canalizada";"90";"-";"33";"44";"10";"3";"-";"-";"-"
"MU";"3302858";"Mesquita (RJ)";"Total";"62611";"57006";"3314";"171";"971";"140";"42";"54";"913"
"MU";"3302858";"Mesquita (RJ)";"Canalizada até dentro da casa, apartamento ou habitação";"57543";"53953";"2343";"90";"831";"68";"18";"16";"224"
"MU";"3302858";"Mesquita (RJ)";"Canalizada, mas apenas no terreno";"3570";"3053";"323";"30";"52";"15";"13";"14";"70"
"MU";"3302858";"Mesquita (RJ)";"Sem água canalizada";"1498";"-";"648";"51";"88";"57";"11";"24";"619"
"MU";"3302908";"Miguel Pereira (RJ)";"Total";"10250";"7193";"1314";"860";"815";"2";"-";"62";"4"
"MU";"3302908";"Miguel Pereira (RJ)";"Canalizada até dentro da casa, apartamento ou habitação";"10204";"7187";"1306";"847";"803";"2";"-";"59";"-"
"MU";"3302908";"Miguel Pereira (RJ)";"Canalizada, mas apenas no terreno";"27";"6";"4";"6";"9";"-";"-";"1";"1"
"MU";"3302908";"Miguel Pereira (RJ)";"Sem água canalizada";"19";"-";"4";"7";"3";"-";"-";"2";"3"
"MU";"3303005";"Miracema (RJ)";"Total";"9601";"8434";"869";"98";"182";"-";"-";"-";"18"
"MU";"3303005";"Miracema (RJ)";"Canalizada até dentro da casa, apartamento ou habitação";"9544";"8431";"837";"92";"180";"-";"-";"-";"4"
"MU";"3303005";"Miracema (RJ)";"Canalizada, mas apenas no terreno";"32";"3";"20";"4";"1";"-";"-";"-";"4"
"MU";"3303005";"Miracema (RJ)";"Sem água canalizada";"25";"-";"12";"2";"1";"-";"-";"-";"10"
"MU";"3303104";"Natividade (RJ)";"Total";"5691";"4647";"569";"39";"375";"9";"2";"42";"8"
"MU";"3303104";"Natividade (RJ)";"Canalizada até dentro da casa, apartamento ou habitação";"5679";"4644";"565";"39";"373";"9";"2";"42";"5"
"MU";"3303104";"Natividade (RJ)";"Canalizada, mas apenas no terreno";"7";"3";"2";"-";"2";"-";"-";"-";"-"
"MU";"3303104";"Natividade (RJ)";"Sem água canalizada";"5";"-";"2";"-";"-";"-";"-";"-";"3"
"MU";"3303203";"Nilópolis (RJ)";"Total";"57005";"52446";"4208";"86";"34";"45";"5";"3";"178"
"MU";"3303203";"Nilópolis (RJ)";"Canalizada até dentro da casa, apartamento ou habitação";"53098";"49554";"3357";"50";"26";"26";"1";"1";"83"
"MU";"3303203";"Nilópolis (RJ)";"Canalizada, mas apenas no terreno";"3281";"2892";"334";"25";"7";"4";"1";"1";"17"
"MU";"3303203";"Nilópolis (RJ)";"Sem água canalizada";"626";"-";"517";"11";"1";"15";"3";"1";"78"
"MU";"3303302";"Niterói (RJ)";"Total";"194492";"190529";"2763";"423";"94";"298";"38";"16";"331"
"MU";"3303302";"Niterói (RJ)";"Canalizada até dentro da casa, apartamento ou habitação";"192360";"189061";"2468";"353";"66";"228";"21";"14";"149"
"MU";"3303302";"Niterói (RJ)";"Canalizada, mas apenas no terreno";"1719";"1468";"144";"37";"10";"12";"4";"-";"44"
"MU";"3303302";"Niterói (RJ)";"Sem água canalizada";"413";"-";"151";"33";"18";"58";"13";"2";"138"
"MU";"3303401";"Nova Friburgo (RJ)";"Total";"76597";"59825";"5100";"404";"11132";"31";"21";"42";"42"
"MU";"3303401";"Nova Friburgo (RJ)";"Canalizada até dentro da casa, apartamento ou habitação";"76361";"59753";"5046";"390";"11055";"28";"19";"40";"30"
"MU";"3303401";"Nova Friburgo (RJ)";"Canalizada, mas apenas no terreno";"163";"72";"23";"7";"57";"-";"-";"-";"4"
"MU";"3303401";"Nova Friburgo (RJ)";"Sem água canalizada";"73";"-";"31";"7";"20";"3";"2";"2";"8"
"MU";"3303500";"Nova Iguaçu (RJ)";"Total";"287615";"195171";"79531";"4730";"810";"2358";"204";"158";"4653"
"MU";"3303500";"Nova Iguaçu (RJ)";"Canalizada até dentro da casa, apartamento ou habitação";"266294";"190959";"65764";"3733";"608";"1956";"99";"139";"3036"
"MU";"3303500";"Nova Iguaçu (RJ)";"Canalizada, mas apenas no terreno";"12390";"4212";"7108";"331";"65";"181";"16";"5";"472"
"MU";"3303500";"Nova Iguaçu (RJ)";"Sem água canalizada";"8931";"-";"6659";"666";"137";"221";"89";"14";"1145"
"MU";"3303609";"Paracambi (RJ)";"Total";"16107";"9708";"4739";"384";"1156";"12";"8";"19";"81"
"MU";"3303609";"Paracambi (RJ)";"Canalizada até dentro da casa, apartamento ou habitação";"15496";"9460";"4509";"342";"1083";"10";"5";"19";"68"
"MU";"3303609";"Paracambi (RJ)";"Canalizada, mas apenas no terreno";"414";"248";"95";"21";"45";"1";"1";"-";"3"
"MU";"3303609";"Paracambi (RJ)";"Sem água canalizada";"197";"-";"135";"21";"28";"1";"2";"-";"10"
"MU";"3303708";"Paraíba do Sul (RJ)";"Total";"15203";"13805";"435";"239";"661";"16";"4";"27";"16"
"MU";"3303708";"Paraíba do Sul (RJ)";"Canalizada até dentro da casa, apartamento ou habitação";"14979";"13771";"369";"217";"575";"15";"2";"25";"5"
"MU";"3303708";"Paraíba do Sul (RJ)";"Canalizada, mas apenas no terreno";"166";"34";"51";"17";"61";"-";"-";"-";"3"
"MU";"3303708";"Paraíba do Sul (RJ)";"Sem água canalizada";"58";"-";"15";"5";"25";"1";"2";"2";"8"
"MU";"3303807";"Paraty (RJ)";"Total";"16138";"10244";"63";"35";"5632";"3";"5";"45";"111"
"MU";"3303807";"Paraty (RJ)";"Canalizada até dentro da casa, apartamento ou habitação";"15966";"10224";"37";"30";"5525";"2";"4";"42";"102"
"MU";"3303807";"Paraty (RJ)";"Canalizada, mas apenas no terreno";"114";"20";"5";"1";"82";"1";"-";"1";"4"
"MU";"3303807";"Paraty (RJ)";"Sem água canalizada";"58";"-";"21";"4";"25";"-";"1";"2";"5"
"MU";"3303856";"Paty do Alferes (RJ)";"Total";"10881";"6592";"953";"1649";"1637";"21";"4";"3";"22"
"MU";"3303856";"Paty do Alferes (RJ)";"Canalizada até dentro da casa, apartamento ou habitação";"10837";"6586";"939";"1638";"1635";"21";"3";"2";"13"
"MU";"3303856";"Paty do Alferes (RJ)";"Canalizada, mas apenas no terreno";"20";"6";"4";"8";"-";"-";"-";"1";"1"
"MU";"3303856";"Paty do Alferes (RJ)";"Sem água canalizada";"24";"-";"10";"3";"2";"-";"1";"-";"8"
"MU";"3303906";"Petrópolis (RJ)";"Total";"108238";"78945";"7914";"2878";"17925";"175";"44";"257";"100"
"MU";"3303906";"Petrópolis (RJ)";"Canalizada até dentro da casa, apartamento ou habitação";"107053";"78797";"7662";"2816";"17279";"151";"32";"250";"66"
"MU";"3303906";"Petrópolis (RJ)";"Canalizada, mas apenas no terreno";"649";"148";"181";"45";"260";"4";"-";"3";"8"
"MU";"3303906";"Petrópolis (RJ)";"Sem água canalizada";"536";"-";"71";"17";"386";"20";"12";"4";"26"
"MU";"3303955";"Pinheiral (RJ)";"Total";"8814";"8107";"426";"83";"170";"1";"2";"-";"25"
"MU";"3303955";"Pinheiral (RJ)";"Canalizada até dentro da casa, apartamento ou habitação";"8758";"8087";"417";"77";"167";"-";"1";"-";"9"
"MU";"3303955";"Pinheiral (RJ)";"Canalizada, mas apenas no terreno";"26";"20";"3";"2";"-";"-";"-";"-";"1"
"MU";"3303955";"Pinheiral (RJ)";"Sem água canalizada";"30";"-";"6";"4";"3";"1";"1";"-";"15"
"MU";"3304003";"Piraí (RJ)";"Total";"10089";"8760";"509";"234";"503";"41";"1";"16";"25"
"MU";"3304003";"Piraí (RJ)";"Canalizada até dentro da casa, apartamento ou habitação";"9930";"8721";"473";"215";"451";"36";"-";"15";"19"
"MU";"3304003";"Piraí (RJ)";"Canalizada, mas apenas no terreno";"48";"39";"2";"5";"2";"-";"-";"-";"-"
"MU";"3304003";"Piraí (RJ)";"Sem água canalizada";"111";"-";"34";"14";"50";"5";"1";"1";"6"
"MU";"3304102";"Porciúncula (RJ)";"Total";"6421";"5040";"513";"142";"708";"2";"2";"12";"2"
"MU";"3304102";"Porciúncula (RJ)";"Canalizada até dentro da casa, apartamento ou habitação";"6386";"5031";"499";"142";"698";"2";"1";"12";"1"
"MU";"3304102";"Porciúncula (RJ)";"Canalizada, mas apenas no terreno";"28";"9";"11";"-";"8";"-";"-";"-";"-"
"MU";"3304102";"Porciúncula (RJ)";"Sem água canalizada";"7";"-";"3";"-";"2";"-";"1";"-";"1"
"MU";"3304110";"Porto Real (RJ)";"Total";"7187";"7075";"52";"39";"13";"2";"-";"-";"6"
"MU";"3304110";"Porto Real (RJ)";"Canalizada até dentro da casa, apartamento ou habitação";"7169";"7066";"51";"37";"12";"-";"-";"-";"3"
"MU";"3304110";"Porto Real (RJ)";"Canalizada, mas apenas no terreno";"12";"9";"1";"1";"1";"-";"-";"-";"-"
"MU";"3304110";"Porto Real (RJ)";"Sem água canalizada";"6";"-";"-";"1";"-";"2";"-";"-";"3"
"MU";"3304128";"Quatis (RJ)";"Total";"5035";"4348";"240";"179";"213";"4";"3";"43";"5"
"MU";"3304128";"Quatis (RJ)";"Canalizada até dentro da casa, apartamento ou habitação";"4851";"4338";"214";"111";"144";"-";"1";"42";"1"
"MU";"3304128";"Quatis (RJ)";"Canalizada, mas apenas no terreno";"33";"10";"6";"14";"2";"-";"-";"-";"1"
"MU";"3304128";"Quatis (RJ)";"Sem água canalizada";"151";"-";"20";"54";"67";"4";"2";"1";"3"
"MU";"3304144";"Queimados (RJ)";"Total";"51217";"39663";"8709";"1994";"181";"142";"17";"7";"504"
"MU";"3304144";"Queimados (RJ)";"Canalizada até dentro da casa, apartamento ou habitação";"49265";"39151";"7798";"1774";"127";"110";"9";"6";"290"
"MU";"3304144";"Queimados (RJ)";"Canalizada, mas apenas no terreno";"1404";"512";"638";"165";"15";"10";"2";"-";"62"
"MU";"3304144";"Queimados (RJ)";"Sem água canalizada";"548";"-";"273";"55";"39";"22";"6";"1";"152"
"MU";"3304151";"Quissamã (RJ)";"Total";"8099";"5847";"1218";"708";"13";"284";"1";"2";"26"
"MU";"3304151";"Quissamã (RJ)";"Canalizada até dentro da casa, apartamento ou habitação";"7953";"5791";"1177";"681";"12";"275";"-";"2";"15"
"MU";"3304151";"Quissamã (RJ)";"Canalizada, mas apenas no terreno";"102";"56";"25";"14";"-";"5";"-";"-";"2"
"MU";"3304151";"Quissamã (RJ)";"Sem água canalizada";"44";"-";"16";"13";"1";"4";"1";"-";"9"
"MU";"3304201";"Resende (RJ)";"Total";"48207";"46283";"186";"78";"1317";"53";"3";"238";"49"
"MU";"3304201";"Resende (RJ)";"Canalizada até dentro da casa, apartamento ou habitação";"48074";"46222";"168";"73";"1300";"49";"2";"237";"23"
"MU";"3304201";"Resende (RJ)";"Canalizada, mas apenas no terreno";"88";"61";"10";"1";"12";"-";"-";"-";"4"
"MU";"3304201";"Resende (RJ)";"Sem água canalizada";"45";"-";"8";"4";"5";"4";"1";"1";"22"
"MU";"3304300";"Rio Bonito (RJ)";"Total";"21187";"10469";"8257";"700";"1504";"17";"6";"169";"65"
"MU";"3304300";"Rio Bonito (RJ)";"Canalizada até dentro da casa, apartamento ou habitação";"20270";"10387";"7558";"646";"1459";"13";"5";"166";"36"
"MU";"3304300";"Rio Bonito (RJ)";"Canalizada, mas apenas no terreno";"279";"82";"150";"32";"11";"1";"1";"-";"2"
"MU";"3304300";"Rio Bonito (RJ)";"Sem água canalizada";"638";"-";"549";"22";"34";"3";"-";"3";"27"
"MU";"3304409";"Rio Claro (RJ)";"Total";"6415";"4759";"299";"156";"1146";"-";"-";"50";"5"
"MU";"3304409";"Rio Claro (RJ)";"Canalizada até dentro da casa, apartamento ou habitação";"6256";"4753";"283";"121";"1052";"-";"-";"46";"1"
"MU";"3304409";"Rio Claro (RJ)";"Canalizada, mas apenas no terreno";"34";"6";"7";"6";"15";"-";"-";"-";"-"
"MU";"3304409";"Rio Claro (RJ)";"Sem água canalizada";"125";"-";"9";"29";"79";"-";"-";"4";"4"
"MU";"3304508";"Rio das Flores (RJ)";"Total";"3122";"2664";"142";"13";"292";"4";"-";"5";"2"
"MU";"3304508";"Rio das Flores (RJ)";"Canalizada até dentro da casa, apartamento ou habitação";"3117";"2663";"141";"13";"289";"4";"-";"5";"2"
"MU";"3304508";"Rio das Flores (RJ)";"Canalizada, mas apenas no terreno";"1";"1";"-";"-";"-";"-";"-";"-";"-"
"MU";"3304508";"Rio das Flores (RJ)";"Sem água canalizada";"4";"-";"1";"-";"3";"-";"-";"-";"-"
"MU";"3304524";"Rio das Ostras (RJ)";"Total";"59069";"38026";"14381";"1593";"40";"4655";"150";"6";"218"
"MU";"3304524";"Rio das Ostras (RJ)";"Canalizada até dentro da casa, apartamento ou habitação";"53880";"35740";"12550";"1490";"33";"3838";"117";"4";"108"
"MU";"3304524";"Rio das Ostras (RJ)";"Canalizada, mas apenas no terreno";"3395";"2286";"628";"47";"2";"386";"14";"1";"31"
"MU";"3304524";"Rio das Ostras (RJ)";"Sem água canalizada";"1794";"-";"1203";"56";"5";"431";"19";"1";"79"
"MU";"3304557";"Rio de Janeiro (RJ)";"Total";"2436971";"2396945";"18934";"1367";"9531";"979";"379";"1007";"7829"
"MU";"3304557";"Rio de Janeiro (RJ)";"Canalizada até dentro da casa, apartamento ou habitação";"2411994";"2379163";"16150";"1123";"8585";"702";"207";"960";"5104"
"MU";"3304557";"Rio de Janeiro (RJ)";"Canalizada, mas apenas no terreno";"20751";"17782";"1164";"92";"675";"80";"39";"25";"894"
"MU";"3304557";"Rio de Janeiro (RJ)";"Sem água canalizada";"4226";"-";"1620";"152";"271";"197";"133";"22";"1831"
"MU";"3304607";"Santa Maria Madalena (RJ)";"Total";"3989";"2074";"285";"260";"1307";"-";"1";"54";"8"
"MU";"3304607";"Santa Maria Madalena (RJ)";"Canalizada até dentro da casa, apartamento ou habitação";"3946";"2069";"280";"258";"1280";"-";"1";"54";"4"
"MU";"3304607";"Santa Maria Madalena (RJ)";"Canalizada, mas apenas no terreno";"16";"5";"3";"1";"6";"-";"-";"-";"1"
"MU";"3304607";"Santa Maria Madalena (RJ)";"Sem água canalizada";"27";"-";"2";"1";"21";"-";"-";"-";"3"
"MU";"3304706";"Santo Antônio de Pádua (RJ)";"Total";"15817";"13760";"985";"347";"676";"8";"1";"15";"25"
"MU";"3304706";"Santo Antônio de Pádua (RJ)";"Canalizada até dentro da casa, apartamento ou habitação";"15754";"13742";"970";"342";"669";"6";"-";"14";"11"
"MU";"3304706";"Santo Antônio de Pádua (RJ)";"Canalizada, mas apenas no terreno";"28";"18";"5";"1";"4";"-";"-";"-";"-"
"MU";"3304706";"Santo Antônio de Pádua (RJ)";"Sem água canalizada";"35";"-";"10";"4";"3";"2";"1";"1";"14"
"MU";"3304755";"São Francisco de Itabapoana (RJ)";"Total";"17278";"3895";"4439";"8621";"43";"4";"2";"6";"268"
"MU";"3304755";"São Francisco de Itabapoana (RJ)";"Canalizada até dentro da casa, apartamento ou habitação";"16759";"3841";"4326";"8325";"41";"4";"2";"5";"215"
"MU";"3304755";"São Francisco de Itabapoana (RJ)";"Canalizada, mas apenas no terreno";"287";"54";"89";"128";"1";"-";"-";"-";"15"
"MU";"3304755";"São Francisco de Itabapoana (RJ)";"Sem água canalizada";"232";"-";"24";"168";"1";"-";"-";"1";"38"
"MU";"3304805";"São Fidélis (RJ)";"Total";"14908";"11976";"1301";"170";"1112";"14";"5";"211";"119"
"MU";"3304805";"São Fidélis (RJ)";"Canalizada até dentro da casa, apartamento ou habitação";"14361";"11962";"1010";"120";"1029";"7";"2";"155";"76"
"MU";"3304805";"São Fidélis (RJ)";"Canalizada, mas apenas no terreno";"207";"14";"103";"31";"51";"-";"-";"4";"4"
"MU";"3304805";"São Fidélis (RJ)";"Sem água canalizada";"340";"-";"188";"19";"32";"7";"3";"52";"39"
"MU";"3304904";"São Gonçalo (RJ)";"Total";"358103";"302847";"35401";"6011";"225";"5427";"412";"91";"7689"
"MU";"3304904";"São Gonçalo (RJ)";"Canalizada até dentro da casa, apartamento ou habitação";"333898";"291852";"28674";"4387";"148";"3334";"155";"72";"5276"
"MU";"3304904";"São Gonçalo (RJ)";"Canalizada, mas apenas no terreno";"15670";"10995";"2622";"640";"25";"443";"113";"9";"823"
"MU";"3304904";"São Gonçalo (RJ)";"Sem água canalizada";"8535";"-";"4105";"984";"52";"1650";"144";"10";"1590"
"MU";"3305000";"São João da Barra (RJ)";"Total";"14464";"11112";"1538";"1717";"17";"70";"-";"2";"8"
"MU";"3305000";"São João da Barra (RJ)";"Canalizada até dentro da casa, apartamento ou habitação";"14040";"11055";"1417";"1485";"16";"62";"-";"1";"4"
"MU";"3305000";"São João da Barra (RJ)";"Canalizada, mas apenas no terreno";"369";"57";"81";"226";"1";"4";"-";"-";"-"
"MU";"3305000";"São João da Barra (RJ)";"Sem água canalizada";"55";"-";"40";"6";"-";"4";"-";"1";"4"
"MU";"3305109";"São João de Meriti (RJ)";"Total";"168771";"154579";"11209";"595";"51";"373";"60";"26";"1878"
"MU";"3305109";"São João de Meriti (RJ)";"Canalizada até dentro da casa, apartamento ou habitação";"163034";"152125";"8980";"504";"39";"232";"14";"25";"1115"
"MU";"3305109";"São João de Meriti (RJ)";"Canalizada, mas apenas no terreno";"3691";"2454";"928";"50";"8";"58";"14";"-";"179"
"MU";"3305109";"São João de Meriti (RJ)";"Sem água canalizada";"2046";"-";"1301";"41";"4";"83";"32";"1";"584"
"MU";"3305133";"São José de Ubá (RJ)";"Total";"2682";"1610";"220";"620";"228";"3";"-";"-";"1"
"MU";"3305133";"São José de Ubá (RJ)";"Canalizada até dentro da casa, apartamento ou habitação";"2675";"1610";"220";"617";"227";"1";"-";"-";"-"
"MU";"3305133";"São José de Ubá (RJ)";"Canalizada, mas apenas no terreno";"2";"-";"-";"1";"-";"1";"-";"-";"-"
"MU";"3305133";"São José de Ubá (RJ)";"Sem água canalizada";"5";"-";"-";"2";"1";"1";"-";"-";"1"
"MU";"3305158";"São José do Vale do Rio Preto (RJ)";"Total";"8263";"4368";"2457";"85";"1337";"3";"1";"8";"4"
"MU";"3305158";"São José do Vale do Rio Preto (RJ)";"Canalizada até dentro da casa, apartamento ou habitação";"8212";"4354";"2432";"83";"1329";"3";"1";"8";"2"
"MU";"3305158";"São José do Vale do Rio Preto (RJ)";"Canalizada, mas apenas no terreno";"29";"14";"8";"2";"3";"-";"-";"-";"2"
"MU";"3305158";"São José do Vale do Rio Preto (RJ)";"Sem água canalizada";"22";"-";"17";"-";"5";"-";"-";"-";"-"
"MU";"3305208";"São Pedro da Aldeia (RJ)";"Total";"38338";"36543";"599";"40";"16";"863";"46";"2";"229"
"MU";"3305208";"São Pedro da Aldeia (RJ)";"Canalizada até dentro da casa, apartamento ou habitação";"36890";"35949";"463";"27";"15";"314";"13";"1";"108"
"MU";"3305208";"São Pedro da Aldeia (RJ)";"Canalizada, mas apenas no terreno";"937";"594";"72";"3";"-";"246";"3";"-";"19"
"MU";"3305208";"São Pedro da Aldeia (RJ)";"Sem água canalizada";"511";"-";"64";"10";"1";"303";"30";"1";"102"
"MU";"3305307";"São Sebastião do Alto (RJ)";"Total";"2926";"1552";"866";"45";"437";"-";"-";"15";"11"
"MU";"3305307";"São Sebastião do Alto (RJ)";"Canalizada até dentro da casa, apartamento ou habitação";"2900";"1546";"864";"44";"428";"-";"-";"13";"5"
"MU";"3305307";"São Sebastião do Alto (RJ)";"Canalizada, mas apenas no terreno";"11";"6";"2";"1";"2";"-";"-";"-";"-"
"MU";"3305307";"São Sebastião do Alto (RJ)";"Sem água canalizada";"15";"-";"-";"-";"7";"-";"-";"2";"6"
"MU";"3305406";"Sapucaia (RJ)";"Total";"6693";"4944";"736";"84";"841";"5";"1";"70";"12"
"MU";"3305406";"Sapucaia (RJ)";"Canalizada até dentro da casa, apartamento ou habitação";"6649";"4937";"732";"77";"824";"5";"1";"69";"4"
"MU";"3305406";"Sapucaia (RJ)";"Canalizada, mas apenas no terreno";"21";"7";"1";"7";"6";"-";"-";"-";"-"
"MU";"3305406";"Sapucaia (RJ)";"Sem água canalizada";"23";"-";"3";"-";"11";"-";"-";"1";"8"
"MU";"3305505";"Saquarema (RJ)";"Total";"34117";"17186";"14237";"733";"292";"1338";"191";"23";"117"
"MU";"3305505";"Saquarema (RJ)";"Canalizada até dentro da casa, apartamento ou habitação";"31798";"16784";"12788";"562";"274";"1155";"154";"17";"64"
"MU";"3305505";"Saquarema (RJ)";"Canalizada, mas apenas no terreno";"1201";"402";"647";"75";"5";"54";"6";"4";"8"
"MU";"3305505";"Saquarema (RJ)";"Sem água canalizada";"1118";"-";"802";"96";"13";"129";"31";"2";"45"
"MU";"3305554";"Seropédica (RJ)";"Total";"29321";"28168";"783";"93";"82";"40";"15";"10";"130"
"MU";"3305554";"Seropédica (RJ)";"Canalizada até dentro da casa, apartamento ou habitação";"28501";"27647";"587";"66";"78";"37";"10";"4";"72"
"MU";"3305554";"Seropédica (RJ)";"Canalizada, mas apenas no terreno";"657";"521";"107";"14";"2";"1";"1";"4";"7"
"MU";"3305554";"Seropédica (RJ)";"Sem água canalizada";"163";"-";"89";"13";"2";"2";"4";"2";"51"
"MU";"3305604";"Silva Jardim (RJ)";"Total";"7887";"3226";"3482";"407";"742";"-";"1";"7";"22"
"MU";"3305604";"Silva Jardim (RJ)";"Canalizada até dentro da casa, apartamento ou habitação";"7736";"3195";"3398";"389";"739";"-";"1";"7";"7"
"MU";"3305604";"Silva Jardim (RJ)";"Canalizada, mas apenas no terreno";"92";"31";"49";"7";"3";"-";"-";"-";"2"
"MU";"3305604";"Silva Jardim (RJ)";"Sem água canalizada";"59";"-";"35";"11";"-";"-";"-";"-";"13"
"MU";"3305703";"Sumidouro (RJ)";"Total";"5889";"1605";"1507";"179";"2584";"3";"-";"9";"2"
"MU";"3305703";"Sumidouro (RJ)";"Canalizada até dentro da casa, apartamento ou habitação";"5880";"1605";"1506";"174";"2581";"3";"-";"9";"2"
"MU";"3305703";"Sumidouro (RJ)";"Canalizada, mas apenas no terreno";"7";"-";"-";"5";"2";"-";"-";"-";"-"
"MU";"3305703";"Sumidouro (RJ)";"Sem água canalizada";"2";"-";"1";"-";"1";"-";"-";"-";"-"
"MU";"3305752";"Tanguá (RJ)";"Total";"11548";"4919";"3336";"2824";"237";"134";"4";"52";"42"
"MU";"3305752";"Tanguá (RJ)";"Canalizada até dentro da casa, apartamento ou habitação";"8708";"4059";"2533";"1780";"214";"62";"2";"41";"17"
"MU";"3305752";"Tanguá (RJ)";"Canalizada, mas apenas no terreno";"2599";"860";"662";"977";"20";"61";"-";"11";"8"
"MU";"3305752";"Tanguá (RJ)";"Sem água canalizada";"241";"-";"141";"67";"3";"11";"2";"-";"17"
"MU";"3305802";"Teresópolis (RJ)";"Total";"64415";"45078";"7043";"385";"11760";"20";"15";"27";"87"
"MU";"3305802";"Teresópolis (RJ)";"Canalizada até dentro da casa, apartamento ou habitação";"63765";"44958";"6915";"375";"11412";"18";"14";"25";"48"
"MU";"3305802";"Teresópolis (RJ)";"Canalizada, mas apenas no terreno";"486";"120";"86";"6";"268";"1";"-";"1";"4"
"MU";"3305802";"Teresópolis (RJ)";"Sem água canalizada";"164";"-";"42";"4";"80";"1";"1";"1";"35"
"MU";"3305901";"Trajano de Moraes (RJ)";"Total";"3895";"1558";"180";"19";"2087";"7";"1";"43";"-"
"MU";"3305901";"Trajano de Moraes (RJ)";"Canalizada até dentro da casa, apartamento ou habitação";"3876";"1555";"178";"18";"2075";"7";"1";"42";"-"
"MU";"3305901";"Trajano de Moraes (RJ)";"Canalizada, mas apenas no terreno";"15";"3";"2";"1";"9";"-";"-";"-";"-"
"MU";"3305901";"Trajano de Moraes (RJ)";"Sem água canalizada";"4";"-";"-";"-";"3";"-";"-";"1";"-"
"MU";"3306008";"Três Rios (RJ)";"Total";"28427";"27057";"567";"252";"466";"17";"1";"10";"57"
"MU";"3306008";"Três Rios (RJ)";"Canalizada até dentro da casa, apartamento ou habitação";"28190";"27019";"495";"240";"381";"9";"1";"7";"38"
"MU";"3306008";"Três Rios (RJ)";"Canalizada, mas apenas no terreno";"176";"38";"63";"5";"66";"-";"-";"2";"2"
"MU";"3306008";"Três Rios (RJ)";"Sem água canalizada";"61";"-";"9";"7";"19";"8";"-";"1";"17"
"MU";"3306107";"Valença (RJ)";"Total";"25919";"21177";"1521";"866";"2168";"14";"2";"150";"21"
"MU";"3306107";"Valença (RJ)";"Canalizada até dentro da casa, apartamento ou habitação";"25551";"21107";"1408";"783";"2080";"14";"1";"148";"10"
"MU";"3306107";"Valença (RJ)";"Canalizada, mas apenas no terreno";"152";"70";"19";"34";"26";"-";"-";"1";"2"
"MU";"3306107";"Valença (RJ)";"Sem água canalizada";"216";"-";"94";"49";"62";"-";"1";"1";"9"
"MU";"3306156";"Varre-Sai (RJ)";"Total";"3627";"1422";"655";"622";"792";"130";"-";"5";"1"
"MU";"3306156";"Varre-Sai (RJ)";"Canalizada até dentro da casa, apartamento ou habitação";"3615";"1422";"652";"618";"790";"127";"-";"5";"1"
"MU";"3306156";"Varre-Sai (RJ)";"Canalizada, mas apenas no terreno";"11";"-";"3";"4";"2";"2";"-";"-";"-"
"MU";"3306156";"Varre-Sai (RJ)";"Sem água canalizada";"1";"-";"-";"-";"-";"1";"-";"-";"-"
"MU";"3306206";"Vassouras (RJ)";"Total";"12879";"10645";"967";"465";"692";"4";"1";"20";"85"
"MU";"3306206";"Vassouras (RJ)";"Canalizada até dentro da casa, apartamento ou habitação";"12576";"10570";"892";"401";"607";"4";"1";"20";"81"
"MU";"3306206";"Vassouras (RJ)";"Canalizada, mas apenas no terreno";"285";"75";"70";"59";"80";"-";"-";"-";"1"
"MU";"3306206";"Vassouras (RJ)";"Sem água canalizada";"18";"-";"5";"5";"5";"-";"-";"-";"3"
"MU";"3306305";"Volta Redonda (RJ)";"Total";"97991";"97180";"372";"96";"259";"5";"9";"11";"59"
"MU";"3306305";"Volta Redonda (RJ)";"Canalizada até dentro da casa, apartamento ou habitação";"97758";"97089";"321";"89";"219";"2";"5";"10";"23"
"MU";"3306305";"Volta Redonda (RJ)";"Canalizada, mas apenas no terreno";"156";"91";"22";"3";"28";"3";"-";"1";"8"
"MU";"3306305";"Volta Redonda (RJ)";"Sem água canalizada";"77";"-";"29";"4";"12";"-";"4";"-";"28"
"Fonte: IBGE - Censo Demográfico"

"Tabela 6804 - Domicílios particulares permanentes ocupados, por existência de canalização de água e principal forma de abastecimento de água"
"Variável - Domicílios particulares permanentes ocupados - percentual do total geral"
"Nível";"Cód.";"Município";"Existência de canalização de água";"Ano x Principal forma de abastecimento de água"
"Nível";"Cód.";"Município";"Existência de canalização de água";"2022"
"Nível";"Cód.";"Município";"Existência de canalização de água";"Total";"Rede geral de distribuição";"Poço profundo ou artesiano";"Poço raso, freático ou cacimba";"Fonte, nascente ou mina";"Carro-pipa";"Água da chuva armazenada";"Rios, açudes, córregos, lagos e igarapés";"Outra"
"MU";"3300100";"Angra dos Reis (RJ)";"Total";"100,00000";"87,74104";"0,93037";"0,10945";"10,70083";"0,01127";"0,01771";"0,24305";"0,24627"
"MU";"3300100";"Angra dos Reis (RJ)";"Canalizada até dentro da casa, apartamento ou habitação";"99,18553";"87,49316";"0,86437";"0,10302";"10,26623";"0,01127";"0,01449";"0,22374";"0,20925"
"MU";"3300100";"Angra dos Reis (RJ)";"Canalizada, mas apenas no terreno";"0,54084";"0,24788";"0,03058";"0,00322";"0,23984";"-";"-";"0,01610";"0,00322"
"MU";"3300100";"Angra dos Reis (RJ)";"Sem água canalizada";"0,27364";"-";"0,03541";"0,00322";"0,19477";"-";"0,00322";"0,00322";"0,03380"
"MU";"3300159";"Aperibé (RJ)";"Total";"100,00000";"86,77896";"10,91371";"1,61514";"0,59991";"-";"-";"-";"0,09229"
"MU";"3300159";"Aperibé (RJ)";"Canalizada até dentro da casa, apartamento ou habitação";"99,67697";"86,73281";"10,72912";"1,56899";"0,59991";"-";"-";"-";"0,04615"
"MU";"3300159";"Aperibé (RJ)";"Canalizada, mas apenas no terreno";"0,13844";"0,04615";"0,06922";"0,02307";"-";"-";"-";"-";"-"
"MU";"3300159";"Aperibé (RJ)";"Sem água canalizada";"0,18459";"-";"0,11537";"0,02307";"-";"-";"-";"-";"0,04615"
"MU";"3300209";"Araruama (RJ)";"Total";"100,00000";"95,18320";"2,58807";"1,28365";"0,23471";"0,30118";"0,06024";"0,01246";"0,33649"
"MU";"3300209";"Araruama (RJ)";"Canalizada até dentro da casa, apartamento ou habitação";"97,93536";"94,50399";"1,81539";"0,97001";"0,21602";"0,19109";"0,03946";"0,01246";"0,18694"
"MU";"3300209";"Araruama (RJ)";"Canalizada, mas apenas no terreno";"1,19641";"0,67921";"0,33441";"0,07270";"0,01869";"0,04362";"0,00623";"-";"0,04154"
"MU";"3300209";"Araruama (RJ)";"Sem água canalizada";"0,86823";"-";"0,43827";"0,24094";"-";"0,06647";"0,01454";"-";"0,10801"
"MU";"3300225";"Areal (RJ)";"Total";"100,00000";"71,16521";"8,01229";"5,41243";"14,39376";"0,16545";"0,02364";"0,75632";"0,07091"
"MU";"3300225";"Areal (RJ)";"Canalizada até dentro da casa, apartamento ou habitação";"98,74734";"71,07067";"7,68140";"5,38880";"14,06287";"0,16545";"0,02364";"0,30726";"0,04727"
"MU";"3300225";"Areal (RJ)";"Canalizada, mas apenas no terreno";"0,61451";"0,09454";"0,28362";"0,02364";"0,14181";"-";"-";"0,04727";"0,02364"
"MU";"3300225";"Areal (RJ)";"Sem água canalizada";"0,63815";"-";"0,04727";"-";"0,18908";"-";"-";"0,40180";"-"
"MU";"3300233";"Armação dos Búzios (RJ)";"Total";"100,00000";"94,41019";"2,28552";"0,18097";"0,08043";"2,32574";"0,06032";"0,02011";"0,63673"
"MU";"3300233";"Armação dos Búzios (RJ)";"Canalizada até dentro da casa, apartamento ou habitação";"96,94370";"92,52011";"1,97721";"0,16756";"0,07373";"1,56836";"0,06032";"0,02011";"0,55630"
"MU";"3300233";"Armação dos Búzios (RJ)";"Canalizada, mas apenas no terreno";"2,41287";"1,89008";"0,21448";"0,01340";"0,00670";"0,27480";"-";"-";"0,01340"
"MU";"3300233";"Armação dos Búzios (RJ)";"Sem água canalizada";"0,64343";"-";"0,09383";"-";"-";"0,48257";"-";"-";"0,06702"
"MU";"3300258";"Arraial do Cabo (RJ)";"Total";"100,00000";"78,59990";"18,93086";"0,29458";"0,27725";"1,50754";"0,08664";"0,00866";"0,29458"
"MU";"3300258";"Arraial do Cabo (RJ)";"Canalizada até dentro da casa, apartamento ou habitação";"96,53440";"77,74216";"17,27604";"0,25992";"0,27725";"0,82308";"0,01733";"0,00866";"0,12996"
"MU";"3300258";"Arraial do Cabo (RJ)";"Canalizada, mas apenas no terreno";"2,39127";"0,85774";"1,07434";"0,01733";"-";"0,41587";"0,02599";"-";"-"
"MU";"3300258";"Arraial do Cabo (RJ)";"Sem água canalizada";"1,07434";"-";"0,58049";"0,01733";"-";"0,26858";"0,04332";"-";"0,16462"
"MU";"3300308";"Barra do Piraí (RJ)";"Total";"100,00000";"80,63843";"6,37289";"8,02183";"3,05784";"1,68610";"0,01715";"0,07716";"0,12860"
"MU";"3300308";"Barra do Piraí (RJ)";"Canalizada até dentro da casa, apartamento ou habitação";"97,95953";"80,19262";"6,00995";"7,50171";"2,72920";"1,40318";"0,01715";"0,03715";"0,06859"
"MU";"3300308";"Barra do Piraí (RJ)";"Canalizada, mas apenas no terreno";"1,46033";"0,44582";"0,17718";"0,41438";"0,24005";"0,15718";"-";"0,02286";"0,00286"
"MU";"3300308";"Barra do Piraí (RJ)";"Sem água canalizada";"0,58013";"-";"0,18576";"0,10574";"0,08859";"0,12574";"-";"0,01715";"0,05716"
"MU";"3300407";"Barra Mansa (RJ)";"Total";"100,00000";"93,49658";"3,42980";"1,41040";"1,36111";"0,10176";"0,05883";"0,07791";"0,06360"
"MU";"3300407";"Barra Mansa (RJ)";"Canalizada até dentro da casa, apartamento ou habitação";"99,39259";"93,36938";"3,27556";"1,24980";"1,30704";"0,08904";"0,00636";"0,07473";"0,02067"
"MU";"3300407";"Barra Mansa (RJ)";"Canalizada, mas apenas no terreno";"0,26554";"0,12721";"0,06201";"0,04293";"0,01590";"0,00477";"0,00795";"-";"0,00477"
"MU";"3300407";"Barra Mansa (RJ)";"Sem água canalizada";"0,34187";"-";"0,09222";"0,11767";"0,03816";"0,00795";"0,04452";"0,00318";"0,03816"
"MU";"3300456";"Belford Roxo (RJ)";"Total";"100,00000";"74,24113";"23,05230";"0,70981";"0,11664";"0,14594";"0,04975";"0,02875";"1,65567"
"MU";"3300456";"Belford Roxo (RJ)";"Canalizada até dentro da casa, apartamento ou habitação";"93,36901";"72,77120";"19,12401";"0,47542";"0,08900";"0,07408";"0,02156";"0,02377";"0,78997"
"MU";"3300456";"Belford Roxo (RJ)";"Canalizada, mas apenas no terreno";"2,83869";"1,46993";"1,12221";"0,09398";"0,01327";"0,00829";"0,00442";"0,00276";"0,12383"
"MU";"3300456";"Belford Roxo (RJ)";"Sem água canalizada";"3,79230";"-";"2,80608";"0,14041";"0,01437";"0,06357";"0,02377";"0,00221";"0,74188"
"MU";"3300506";"Bom Jardim (RJ)";"Total";"100,00000";"57,80474";"13,32966";"2,01324";"26,52142";"0,22982";"-";"0,09193";"0,00919"
"MU";"3300506";"Bom Jardim (RJ)";"Canalizada até dentro da casa, apartamento ou habitação";"99,91726";"57,78636";"13,31127";"1,99485";"26,50303";"0,22063";"-";"0,09193";"0,00919"
"MU";"3300506";"Bom Jardim (RJ)";"Canalizada, mas apenas no terreno";"0,05516";"0,01839";"0,00919";"0,00919";"0,01839";"-";"-";"-";"-"
"MU";"3300506";"Bom Jardim (RJ)";"Sem água canalizada";"0,02758";"-";"0,00919";"0,00919";"-";"0,00919";"-";"-";"-"
"MU";"3300605";"Bom Jesus do Itabapoana (RJ)";"Total";"100,00000";"86,87238";"6,27615";"1,05350";"5,34967";"0,21668";"0,00747";"0,07472";"0,14943"
"MU";"3300605";"Bom Jesus do Itabapoana (RJ)";"Canalizada até dentro da casa, apartamento ou habitação";"99,68619";"86,70801";"6,22385";"1,03855";"5,31978";"0,21668";"-";"0,07472";"0,10460"
"MU";"3300605";"Bom Jesus do Itabapoana (RJ)";"Canalizada, mas apenas no terreno";"0,25403";"0,16438";"0,05230";"0,00747";"0,02241";"-";"-";"-";"0,00747"
"MU";"3300605";"Bom Jesus do Itabapoana (RJ)";"Sem água canalizada";"0,05977";"-";"-";"0,00747";"0,00747";"-";"0,00747";"-";"0,03736"
"MU";"3300704";"Cabo Frio (RJ)";"Total";"100,00000";"87,16089";"9,32025";"0,83887";"0,06218";"1,86551";"0,08657";"0,00854";"0,65720"
"MU";"3300704";"Cabo Frio (RJ)";"Canalizada até dentro da casa, apartamento ou habitação";"96,23484";"85,30878";"8,38261";"0,70109";"0,05487";"1,36926";"0,05853";"0,00854";"0,35116"
"MU";"3300704";"Cabo Frio (RJ)";"Canalizada, mas apenas no terreno";"2,51661";"1,85210";"0,34140";"0,07438";"0,00488";"0,15973";"0,00854";"-";"0,07560"
"MU";"3300704";"Cabo Frio (RJ)";"Sem água canalizada";"1,24855";"-";"0,59623";"0,06340";"0,00244";"0,33652";"0,01951";"-";"0,23045"
"MU";"3300803";"Cachoeiras de Macacu (RJ)";"Total";"100,00000";"75,46822";"9,76870";"1,89086";"12,63867";"0,01797";"0,01797";"0,05390";"0,14372"
"MU";"3300803";"Cachoeiras de Macacu (RJ)";"Canalizada até dentro da casa, apartamento ou habitação";"98,63014";"74,61936";"9,57557";"1,79205";"12,49046";"0,01347";"0,01797";"0,04940";"0,07186"
"MU";"3300803";"Cachoeiras de Macacu (RJ)";"Canalizada, mas apenas no terreno";"1,16326";"0,84887";"0,13923";"0,05839";"0,10330";"0,00449";"-";"-";"0,00898"
"MU";"3300803";"Cachoeiras de Macacu (RJ)";"Sem água canalizada";"0,20660";"-";"0,05390";"0,04042";"0,04491";"-";"-";"0,00449";"0,06288"
"MU";"3300902";"Cambuci (RJ)";"Total";"100,00000";"73,56441";"11,48474";"3,81100";"10,20866";"0,01724";"-";"0,18969";"0,72426"
"MU";"3300902";"Cambuci (RJ)";"Canalizada até dentro da casa, apartamento ou habitação";"99,46543";"73,44370";"11,39852";"3,75927";"10,05346";"0,01724";"-";"0,15520";"0,63804"
"MU";"3300902";"Cambuci (RJ)";"Canalizada, mas apenas no terreno";"0,25867";"0,12071";"0,03449";"-";"0,10347";"-";"-";"-";"-"
"MU";"3300902";"Cambuci (RJ)";"Sem água canalizada";"0,27591";"-";"0,05173";"0,05173";"0,05173";"-";"-";"0,03449";"0,08622"
"MU";"3300936";"Carapebus (RJ)";"Total";"100,00000";"23,36114";"26,10250";"45,39134";"0,31784";"4,41001";"0,01986";"0,03973";"0,35757"
"MU";"3300936";"Carapebus (RJ)";"Canalizada até dentro da casa, apartamento ou habitação";"89,09416";"22,84466";"22,92412";"40,24632";"0,29797";"2,56257";"-";"0,01986";"0,19865"
"MU";"3300936";"Carapebus (RJ)";"Canalizada, mas apenas no terreno";"10,03178";"0,51649";"2,80095";"5,00596";"0,01986";"1,62892";"0,01986";"-";"0,03973"
"MU";"3300936";"Carapebus (RJ)";"Sem água canalizada";"0,87406";"-";"0,37743";"0,13905";"-";"0,21851";"-";"0,01986";"0,11919"
"MU";"3300951";"Comendador Levy Gasparian (RJ)";"Total";"100,00000";"94,22886";"2,05638";"0,19900";"3,11774";"0,03317";"0,06633";"0,19900";"0,09950"
"MU";"3300951";"Comendador Levy Gasparian (RJ)";"Canalizada até dentro da casa, apartamento ou habitação";"99,13765";"93,63184";"2,02322";"0,16584";"3,05141";"0,03317";"0,03317";"0,13267";"0,06633"
"MU";"3300951";"Comendador Levy Gasparian (RJ)";"Canalizada, mas apenas no terreno";"0,76285";"0,59701";"0,03317";"0,03317";"0,06633";"-";"0,03317";"-";"-"
"MU";"3300951";"Comendador Levy Gasparian (RJ)";"Sem água canalizada";"0,09950";"-";"-";"-";"-";"-";"-";"0,06633";"0,03317"
"MU";"3301009";"Campos dos Goytacazes (RJ)";"Total";"100,00000";"81,00646";"11,19811";"6,82015";"0,32547";"0,15306";"0,01536";"0,07283";"0,40855"
"MU";"3301009";"Campos dos Goytacazes (RJ)";"Canalizada até dentro da casa, apartamento ou habitação";"97,23120";"80,33503";"10,20405";"6,11742";"0,30499";"0,09446";"0,00569";"0,04609";"0,12348"
"MU";"3301009";"Campos dos Goytacazes (RJ)";"Canalizada, mas apenas no terreno";"1,79466";"0,67143";"0,57868";"0,39717";"0,01935";"0,02731";"0,00228";"0,01024";"0,08820"
"MU";"3301009";"Campos dos Goytacazes (RJ)";"Sem água canalizada";"0,97414";"-";"0,41538";"0,30556";"0,00114";"0,03130";"0,00740";"0,01650";"0,19688"
"MU";"3301108";"Cantagalo (RJ)";"Total";"100,00000";"81,08108";"7,61421";"0,38414";"10,15228";"0,04116";"0,05488";"0,54877";"0,12347"
"MU";"3301108";"Cantagalo (RJ)";"Canalizada até dentro da casa, apartamento ou habitação";"99,05337";"80,58719";"7,49074";"0,38414";"9,98765";"-";"0,01372";"0,50761";"0,08232"
"MU";"3301108";"Cantagalo (RJ)";"Canalizada, mas apenas no terreno";"0,74084";"0,49389";"0,09604";"-";"0,05488";"-";"0,02744";"0,02744";"0,04116"
"MU";"3301108";"Cantagalo (RJ)";"Sem água canalizada";"0,20579";"-";"0,02744";"-";"0,10975";"0,04116";"0,01372";"0,01372";"-"
"MU";"3301157";"Cardoso Moreira (RJ)";"Total";"100,00000";"72,35707";"16,26881";"5,93781";"4,75426";"0,38114";"-";"0,10030";"0,20060"
"MU";"3301157";"Cardoso Moreira (RJ)";"Canalizada até dentro da casa, apartamento ou habitação";"97,83350";"70,87262";"16,00802";"5,81745";"4,61384";"0,26078";"-";"0,10030";"0,16048"
"MU";"3301157";"Cardoso Moreira (RJ)";"Canalizada, mas apenas no terreno";"1,74524";"1,48445";"0,10030";"0,04012";"0,06018";"0,04012";"-";"-";"0,02006"
"MU";"3301157";"Cardoso Moreira (RJ)";"Sem água canalizada";"0,42126";"-";"0,16048";"0,08024";"0,08024";"0,08024";"-";"-";"0,02006"
"MU";"3301207";"Carmo (RJ)";"Total";"100,00000";"91,62053";"2,30435";"0,41897";"5,34191";"-";"-";"0,02993";"0,28430"
"MU";"3301207";"Carmo (RJ)";"Canalizada até dentro da casa, apartamento ou habitação";"99,58103";"91,48586";"2,25946";"0,41897";"5,31199";"-";"-";"0,02993";"0,07482"
"MU";"3301207";"Carmo (RJ)";"Canalizada, mas apenas no terreno";"0,34416";"0,13467";"-";"-";"0,01496";"-";"-";"-";"0,19452"
"MU";"3301207";"Carmo (RJ)";"Sem água canalizada";"0,07482";"-";"0,04489";"-";"0,01496";"-";"-";"-";"0,01496"
"MU";"3301306";"Casimiro de Abreu (RJ)";"Total";"100,00000";"87,98131";"6,29917";"0,88721";"3,07565";"0,59739";"0,36080";"0,03549";"0,76300"
"MU";"3301306";"Casimiro de Abreu (RJ)";"Canalizada até dentro da casa, apartamento ou habitação";"91,76672";"82,04886";"4,92104";"0,85763";"3,03425";"0,23659";"0,13604";"0,03549";"0,49684"
"MU";"3301306";"Casimiro de Abreu (RJ)";"Canalizada, mas apenas no terreno";"7,51168";"5,93245";"0,94044";"0,01774";"0,03549";"0,21293";"0,18927";"-";"0,18336"
"MU";"3301306";"Casimiro de Abreu (RJ)";"Sem água canalizada";"0,72159";"-";"0,43769";"0,01183";"0,00591";"0,14787";"0,03549";"-";"0,08281"
"MU";"3301405";"Conceição de Macabu (RJ)";"Total";"100,00000";"44,67789";"40,05822";"10,54297";"4,42982";"0,10125";"0,01266";"0,05063";"0,12657"
"MU";"3301405";"Conceição de Macabu (RJ)";"Canalizada até dentro da casa, apartamento ou habitação";"96,21567";"44,29819";"37,22314";"10,18858";"4,26528";"0,10125";"0,01266";"0,03797";"0,08860"
"MU";"3301405";"Conceição de Macabu (RJ)";"Canalizada, mas apenas no terreno";"1,24035";"0,37970";"0,65814";"0,18985";"0,01266";"-";"-";"-";"-"
"MU";"3301405";"Conceição de Macabu (RJ)";"Sem água canalizada";"2,54398";"-";"2,17694";"0,16454";"0,15188";"-";"-";"0,01266";"0,03797"
"MU";"3301504";"Cordeiro (RJ)";"Total";"100,00000";"94,71039";"1,34439";"0,12564";"3,64367";"0,01256";"0,02513";"0,01256";"0,12564"
"MU";"3301504";"Cordeiro (RJ)";"Canalizada até dentro da casa, apartamento ou habitação";"99,67333";"94,62244";"1,20618";"0,12564";"3,59342";"-";"-";"0,01256";"0,11308"
"MU";"3301504";"Cordeiro (RJ)";"Canalizada, mas apenas no terreno";"0,15077";"0,08795";"0,02513";"-";"0,03769";"-";"-";"-";"-"
"MU";"3301504";"Cordeiro (RJ)";"Sem água canalizada";"0,17590";"-";"0,11308";"-";"0,01256";"0,01256";"0,02513";"-";"0,01256"
"MU";"3301603";"Duas Barras (RJ)";"Total";"100,00000";"70,34450";"7,20308";"0,48181";"21,60925";"0,19272";"-";"0,12045";"0,04818"
"MU";"3301603";"Duas Barras (RJ)";"Canalizada até dentro da casa, apartamento ou habitação";"99,22910";"70,22404";"7,10672";"0,45772";"21,12744";"0,16863";"-";"0,12045";"0,02409"
"MU";"3301603";"Duas Barras (RJ)";"Canalizada, mas apenas no terreno";"0,60226";"0,12045";"0,07227";"-";"0,38545";"-";"-";"-";"0,02409"
"MU";"3301603";"Duas Barras (RJ)";"Sem água canalizada";"0,16863";"-";"0,02409";"0,02409";"0,09636";"0,02409";"-";"-";"-"
"MU";"3301702";"Duque de Caxias (RJ)";"Total";"100,00000";"59,29331";"35,75910";"2,26663";"0,45930";"0,91591";"0,09394";"0,03690";"1,17492"
"MU";"3301702";"Duque de Caxias (RJ)";"Canalizada até dentro da casa, apartamento ou habitação";"91,44982";"56,28120";"31,33220";"1,96971";"0,39555";"0,61665";"0,03389";"0,02516";"0,79547"
"MU";"3301702";"Duque de Caxias (RJ)";"Canalizada, mas apenas no terreno";"5,62899";"3,01210";"2,28441";"0,12648";"0,01443";"0,07213";"0,01510";"0,00470";"0,09964"
"MU";"3301702";"Duque de Caxias (RJ)";"Sem água canalizada";"2,92118";"-";"2,14249";"0,17043";"0,04932";"0,22713";"0,04496";"0,00705";"0,27981"
"MU";"3301801";"Engenheiro Paulo de Frontin (RJ)";"Total";"100,00000";"49,61386";"20,87247";"16,48925";"12,43999";"0,02087";"0,06262";"0,39658";"0,10436"
"MU";"3301801";"Engenheiro Paulo de Frontin (RJ)";"Canalizada até dentro da casa, apartamento ou habitação";"99,03987";"49,38426";"20,49676";"16,34314";"12,25214";"0,02087";"0,06262";"0,39658";"0,08349"
"MU";"3301801";"Engenheiro Paulo de Frontin (RJ)";"Canalizada, mas apenas no terreno";"0,66792";"0,22960";"0,22960";"0,10436";"0,10436";"-";"-";"-";"-"
"MU";"3301801";"Engenheiro Paulo de Frontin (RJ)";"Sem água canalizada";"0,29221";"-";"0,14611";"0,04174";"0,08349";"-";"-";"-";"0,02087"
"MU";"3301850";"Guapimirim (RJ)";"Total";"100,00000";"63,53660";"24,24046";"3,31387";"6,96832";"0,17299";"0,06487";"0,35139";"1,35150"
"MU";"3301850";"Guapimirim (RJ)";"Canalizada até dentro da casa, apartamento ou habitação";"94,97243";"62,36350";"21,12120";"3,11926";"6,89264";"0,13515";"0,03784";"0,34598";"0,95686"
"MU";"3301850";"Guapimirim (RJ)";"Canalizada, mas apenas no terreno";"2,17861";"1,17310";"0,82171";"0,07568";"0,02703";"0,01081";"0,01081";"0,00541";"0,05406"
"MU";"3301850";"Guapimirim (RJ)";"Sem água canalizada";"2,84896";"-";"2,29755";"0,11893";"0,04865";"0,02703";"0,01622";"-";"0,34058"
"MU";"3301876";"Iguaba Grande (RJ)";"Total";"100,00000";"96,60590";"0,75640";"0,13576";"0,33941";"1,71645";"0,10667";"0,08728";"0,25213"
"MU";"3301876";"Iguaba Grande (RJ)";"Canalizada até dentro da casa, apartamento ou habitação";"98,28355";"95,62645";"0,53336";"0,08728";"0,33941";"1,46431";"0,05818";"0,08728";"0,08728"
"MU";"3301876";"Iguaba Grande (RJ)";"Canalizada, mas apenas no terreno";"1,17339";"0,97944";"0,06788";"0,00970";"-";"0,07758";"0,00970";"-";"0,02909"
"MU";"3301876";"Iguaba Grande (RJ)";"Sem água canalizada";"0,54306";"-";"0,15516";"0,03879";"-";"0,17455";"0,03879";"-";"0,13576"
"MU";"3301900";"Itaboraí (RJ)";"Total";"100,00000";"25,24023";"53,58727";"15,79160";"0,15130";"2,61827";"0,18710";"0,21367";"2,21057"
"MU";"3301900";"Itaboraí (RJ)";"Canalizada até dentro da casa, apartamento ou habitação";"93,78176";"24,57151";"50,47699";"14,25899";"0,13975";"2,24522";"0,13166";"0,19865";"1,75899"
"MU";"3301900";"Itaboraí (RJ)";"Canalizada, mas apenas no terreno";"2,85850";"0,66871";"1,24619";"0,71260";"0,00462";"0,10164";"0,00577";"0,00346";"0,11549"
"MU";"3301900";"Itaboraí (RJ)";"Sem água canalizada";"3,35974";"-";"1,86409";"0,82001";"0,00693";"0,27141";"0,04966";"0,01155";"0,33609"
"MU";"3302007";"Itaguaí (RJ)";"Total";"100,00000";"80,80371";"14,78985";"0,46359";"1,61073";"0,01656";"0,02365";"0,74978";"1,54214"
"MU";"3302007";"Itaguaí (RJ)";"Canalizada até dentro da casa, apartamento ou habitação";"98,22607";"80,34249";"13,76806";"0,41865";"1,52795";"0,01183";"0,02129";"0,74742";"1,38840"
"MU";"3302007";"Itaguaí (RJ)";"Canalizada, mas apenas no terreno";"0,86331";"0,46122";"0,36188";"0,01419";"0,01183";"-";"-";"0,00237";"0,01183"
"MU";"3302007";"Itaguaí (RJ)";"Sem água canalizada";"0,91062";"-";"0,65990";"0,03075";"0,07096";"0,00473";"0,00237";"-";"0,14191"
"MU";"3302056";"Italva (RJ)";"Total";"100,00000";"86,37013";"6,71668";"2,10790";"1,96499";"2,19721";"-";"0,08932";"0,55377"
"MU";"3302056";"Italva (RJ)";"Canalizada até dentro da casa, apartamento ou habitação";"98,30297";"85,76277";"6,25223";"2,05431";"1,91140";"1,94712";"-";"0,05359";"0,32154"
"MU";"3302056";"Italva (RJ)";"Canalizada, mas apenas no terreno";"1,01822";"0,60736";"0,23223";"-";"0,03573";"0,07145";"-";"0,01786";"0,05359"
"MU";"3302056";"Italva (RJ)";"Sem água canalizada";"0,67881";"-";"0,23223";"0,05359";"0,01786";"0,17864";"-";"0,01786";"0,17864"
"MU";"3302106";"Itaocara (RJ)";"Total";"100,00000";"81,40615";"14,26045";"2,48729";"1,30444";"0,07738";"-";"0,33164";"0,13266"
"MU";"3302106";"Itaocara (RJ)";"Canalizada até dentro da casa, apartamento ou habitação";"99,51360";"81,29560";"14,11674";"2,40990";"1,24917";"0,07738";"-";"0,30953";"0,05527"
"MU";"3302106";"Itaocara (RJ)";"Canalizada, mas apenas no terreno";"0,30953";"0,11055";"0,11055";"0,03316";"0,04422";"-";"-";"0,01105";"-"
"MU";"3302106";"Itaocara (RJ)";"Sem água canalizada";"0,17687";"-";"0,03316";"0,04422";"0,01105";"-";"-";"0,01105";"0,07738"
"MU";"3302205";"Itaperuna (RJ)";"Total";"100,00000";"91,95665";"3,70852";"1,26822";"2,48967";"0,02079";"0,00780";"0,15593";"0,39242"
"MU";"3302205";"Itaperuna (RJ)";"Canalizada até dentro da casa, apartamento ou habitação";"99,30352";"91,67078";"3,54479";"1,21365";"2,42730";"0,01299";"0,00780";"0,14294";"0,28327"
"MU";"3302205";"Itaperuna (RJ)";"Canalizada, mas apenas no terreno";"0,47558";"0,28587";"0,09876";"0,02859";"0,03898";"0,00520";"-";"0,00260";"0,01559"
"MU";"3302205";"Itaperuna (RJ)";"Sem água canalizada";"0,22090";"-";"0,06497";"0,02599";"0,02339";"0,00260";"-";"0,01040";"0,09356"
"MU";"3302254";"Itatiaia (RJ)";"Total";"100,00000";"88,85177";"0,33410";"0,24618";"9,46896";"0,62423";"-";"0,39564";"0,07913"
"MU";"3302254";"Itatiaia (RJ)";"Canalizada até dentro da casa, apartamento ou habitação";"99,15597";"88,40338";"0,32530";"0,22859";"9,25796";"0,53631";"-";"0,36047";"0,04396"
"MU";"3302254";"Itatiaia (RJ)";"Canalizada, mas apenas no terreno";"0,59785";"0,44839";"0,00879";"0,01758";"0,07913";"0,00879";"-";"0,03517";"-"
"MU";"3302254";"Itatiaia (RJ)";"Sem água canalizada";"0,24618";"-";"-";"-";"0,13188";"0,07913";"-";"-";"0,03517"
"MU";"3302270";"Japeri (RJ)";"Total";"100,00000";"61,90283";"31,25506";"2,94612";"0,85643";"0,23980";"0,06540";"0,34880";"2,38555"
"MU";"3302270";"Japeri (RJ)";"Canalizada até dentro da casa, apartamento ou habitação";"92,81532";"59,47680";"27,96325";"2,36375";"0,80349";"0,19620";"0,04360";"0,28340";"1,68483"
"MU";"3302270";"Japeri (RJ)";"Canalizada, mas apenas no terreno";"4,66210";"2,42604";"1,58518";"0,37683";"0,01869";"0,01869";"0,00311";"0,05294";"0,18063"
"MU";"3302270";"Japeri (RJ)";"Sem água canalizada";"2,52258";"-";"1,70663";"0,20554";"0,03426";"0,02491";"0,01869";"0,01246";"0,52009"
"MU";"3302304";"Laje do Muriaé (RJ)";"Total";"100,00000";"76,39296";"15,94575";"1,42962";"5,93842";"-";"0,07331";"0,07331";"0,14663"
"MU";"3302304";"Laje do Muriaé (RJ)";"Canalizada até dentro da casa, apartamento ou habitação";"99,48680";"76,20968";"15,83578";"1,39296";"5,93842";"-";"-";"0,07331";"0,03666"
"MU";"3302304";"Laje do Muriaé (RJ)";"Canalizada, mas apenas no terreno";"0,25660";"0,18328";"0,03666";"0,03666";"-";"-";"-";"-";"-"
"MU";"3302304";"Laje do Muriaé (RJ)";"Sem água canalizada";"0,25660";"-";"0,07331";"-";"-";"-";"0,07331";"-";"0,10997"
"MU";"3302403";"Macaé (RJ)";"Total";"100,00000";"81,22223";"12,50593";"0,53497";"2,38578";"1,89827";"0,03775";"0,22866";"1,18642"
"MU";"3302403";"Macaé (RJ)";"Canalizada até dentro da casa, apartamento ou habitação";"89,43009";"75,56085";"9,09875";"0,46702";"2,33832";"1,40429";"0,02696";"0,20708";"0,32680"
"MU";"3302403";"Macaé (RJ)";"Canalizada, mas apenas no terreno";"7,11959";"5,66137";"1,05591";"0,03451";"0,03667";"0,11001";"0,00216";"0,01726";"0,20169"
"MU";"3302403";"Macaé (RJ)";"Sem água canalizada";"3,45032";"-";"2,35127";"0,03344";"0,01079";"0,38397";"0,00863";"0,00431";"0,65792"
"MU";"3302452";"Macuco (RJ)";"Total";"100,00000";"90,56701";"3,45361";"0,20619";"5,61856";"-";"-";"-";"0,15464"
"MU";"3302452";"Macuco (RJ)";"Canalizada até dentro da casa, apartamento ou habitação";"99,89691";"90,56701";"3,45361";"0,20619";"5,56701";"-";"-";"-";"0,10309"
"MU";"3302452";"Macuco (RJ)";"Canalizada, mas apenas no terreno";"0,05155";"-";"-";"-";"0,05155";"-";"-";"-";"-"
"MU";"3302452";"Macuco (RJ)";"Sem água canalizada";"0,05155";"-";"-";"-";"-";"-";"-";"-";"0,05155"
"MU";"3302502";"Magé (RJ)";"Total";"100,00000";"30,70345";"56,21185";"3,64750";"6,30473";"0,33653";"0,17972";"1,26891";"1,34731"
"MU";"3302502";"Magé (RJ)";"Canalizada até dentro da casa, apartamento ou habitação";"91,62666";"27,94490";"51,64282";"3,27721";"6,16723";"0,22314";"0,09770";"1,19412";"1,07954"
"MU";"3302502";"Magé (RJ)";"Canalizada, mas apenas no terreno";"4,88023";"2,75855";"1,68263";"0,19540";"0,06272";"0,04584";"0,03619";"0,03377";"0,06513"
"MU";"3302502";"Magé (RJ)";"Sem água canalizada";"3,49311";"-";"2,88640";"0,17490";"0,07478";"0,06755";"0,04584";"0,04101";"0,20264"
"MU";"3302601";"Mangaratiba (RJ)";"Total";"100,00000";"51,07517";"4,64320";"0,27276";"35,97843";"0,02537";"0,03806";"7,40247";"0,56454"
"MU";"3302601";"Mangaratiba (RJ)";"Canalizada até dentro da casa, apartamento ou habitação";"99,03584";"50,77704";"4,50999";"0,26641";"35,66762";"0,02537";"0,03172";"7,38344";"0,37425"
"MU";"3302601";"Mangaratiba (RJ)";"Canalizada, mas apenas no terreno";"0,62163";"0,29813";"0,05075";"0,00634";"0,22835";"-";"0,00634";"0,01269";"0,01903"
"MU";"3302601";"Mangaratiba (RJ)";"Sem água canalizada";"0,34253";"-";"0,08246";"-";"0,08246";"-";"-";"0,00634";"0,17127"
"MU";"3302700";"Maricá (RJ)";"Total";"100,00000";"35,21932";"55,35573";"4,06649";"0,49555";"3,72478";"0,52414";"0,08168";"0,53231"
"MU";"3302700";"Maricá (RJ)";"Canalizada até dentro da casa, apartamento ou habitação";"93,08411";"34,57674";"50,73924";"3,41302";"0,45607";"3,08084";"0,37438";"0,07215";"0,37166"
"MU";"3302700";"Maricá (RJ)";"Canalizada, mas apenas no terreno";"2,95015";"0,64258";"2,02984";"0,09666";"0,00408";"0,12661";"0,02451";"0,00681";"0,01906"
"MU";"3302700";"Maricá (RJ)";"Sem água canalizada";"3,96575";"-";"2,58665";"0,55681";"0,03540";"0,51733";"0,12525";"0,00272";"0,14159"
"MU";"3302809";"Mendes (RJ)";"Total";"100,00000";"71,37487";"8,70320";"12,10062";"5,82623";"1,82160";"0,02891";"0,04337";"0,10120"
"MU";"3302809";"Mendes (RJ)";"Canalizada até dentro da casa, apartamento ou habitação";"98,19286";"71,08573";"8,15382";"11,33439";"5,66720";"1,77823";"0,02891";"0,04337";"0,10120"
"MU";"3302809";"Mendes (RJ)";"Canalizada, mas apenas no terreno";"0,50600";"0,28914";"0,07229";"0,13011";"0,01446";"-";"-";"-";"-"
"MU";"3302809";"Mendes (RJ)";"Sem água canalizada";"1,30114";"-";"0,47709";"0,63611";"0,14457";"0,04337";"-";"-";"-"
"MU";"3302858";"Mesquita (RJ)";"Total";"100,00000";"91,04790";"5,29300";"0,27311";"1,55085";"0,22360";"0,06708";"0,08625";"1,45821"
"MU";"3302858";"Mesquita (RJ)";"Canalizada até dentro da casa, apartamento ou habitação";"91,90558";"86,17176";"3,74215";"0,14374";"1,32724";"0,10861";"0,02875";"0,02555";"0,35776"
"MU";"3302858";"Mesquita (RJ)";"Canalizada, mas apenas no terreno";"5,70187";"4,87614";"0,51588";"0,04791";"0,08305";"0,02396";"0,02076";"0,02236";"0,11180"
"MU";"3302858";"Mesquita (RJ)";"Sem água canalizada";"2,39255";"-";"1,03496";"0,08146";"0,14055";"0,09104";"0,01757";"0,03833";"0,98864"
"MU";"3302908";"Miguel Pereira (RJ)";"Total";"100,00000";"70,17561";"12,81951";"8,39024";"7,95122";"0,01951";"-";"0,60488";"0,03902"
"MU";"3302908";"Miguel Pereira (RJ)";"Canalizada até dentro da casa, apartamento ou habitação";"99,55122";"70,11707";"12,74146";"8,26341";"7,83415";"0,01951";"-";"0,57561";"-"
"MU";"3302908";"Miguel Pereira (RJ)";"Canalizada, mas apenas no terreno";"0,26341";"0,05854";"0,03902";"0,05854";"0,08780";"-";"-";"0,00976";"0,00976"
"MU";"3302908";"Miguel Pereira (RJ)";"Sem água canalizada";"0,18537";"-";"0,03902";"0,06829";"0,02927";"-";"-";"0,01951";"0,02927"
"MU";"3303005";"Miracema (RJ)";"Total";"100,00000";"87,84502";"9,05114";"1,02073";"1,89564";"-";"-";"-";"0,18748"
"MU";"3303005";"Miracema (RJ)";"Canalizada até dentro da casa, apartamento ou habitação";"99,40631";"87,81377";"8,71784";"0,95823";"1,87480";"-";"-";"-";"0,04166"
"MU";"3303005";"Miracema (RJ)";"Canalizada, mas apenas no terreno";"0,33330";"0,03125";"0,20831";"0,04166";"0,01042";"-";"-";"-";"0,04166"
"MU";"3303005";"Miracema (RJ)";"Sem água canalizada";"0,26039";"-";"0,12499";"0,02083";"0,01042";"-";"-";"-";"0,10416"
"MU";"3303104";"Natividade (RJ)";"Total";"100,00000";"81,65525";"9,99824";"0,68529";"6,58935";"0,15814";"0,03514";"0,73801";"0,14057"
"MU";"3303104";"Natividade (RJ)";"Canalizada até dentro da casa, apartamento ou habitação";"99,78914";"81,60253";"9,92796";"0,68529";"6,55421";"0,15814";"0,03514";"0,73801";"0,08786"
"MU";"3303104";"Natividade (RJ)";"Canalizada, mas apenas no terreno";"0,12300";"0,05271";"0,03514";"-";"0,03514";"-";"-";"-";"-"
"MU";"3303104";"Natividade (RJ)";"Sem água canalizada";"0,08786";"-";"0,03514";"-";"-";"-";"-";"-";"0,05271"
"MU";"3303203";"Nilópolis (RJ)";"Total";"100,00000";"92,00246";"7,38181";"0,15086";"0,05964";"0,07894";"0,00877";"0,00526";"0,31225"
"MU";"3303203";"Nilópolis (RJ)";"Canalizada até dentro da casa, apartamento ou habitação";"93,14622";"86,92922";"5,88896";"0,08771";"0,04561";"0,04561";"0,00175";"0,00175";"0,14560"
"MU";"3303203";"Nilópolis (RJ)";"Canalizada, mas apenas no terreno";"5,75564";"5,07324";"0,58591";"0,04386";"0,01228";"0,00702";"0,00175";"0,00175";"0,02982"
"MU";"3303203";"Nilópolis (RJ)";"Sem água canalizada";"1,09815";"-";"0,90694";"0,01930";"0,00175";"0,02631";"0,00526";"0,00175";"0,13683"
"MU";"3303302";"Niterói (RJ)";"Total";"100,00000";"97,96238";"1,42062";"0,21749";"0,04833";"0,15322";"0,01954";"0,00823";"0,17019"
"MU";"3303302";"Niterói (RJ)";"Canalizada até dentro da casa, apartamento ou habitação";"98,90381";"97,20760";"1,26895";"0,18150";"0,03393";"0,11723";"0,01080";"0,00720";"0,07661"
"MU";"3303302";"Niterói (RJ)";"Canalizada, mas apenas no terreno";"0,88384";"0,75479";"0,07404";"0,01902";"0,00514";"0,00617";"0,00206";"-";"0,02262"
"MU";"3303302";"Niterói (RJ)";"Sem água canalizada";"0,21235";"-";"0,07764";"0,01697";"0,00925";"0,02982";"0,00668";"0,00103";"0,07095"
"MU";"3303401";"Nova Friburgo (RJ)";"Total";"100,00000";"78,10358";"6,65822";"0,52744";"14,53321";"0,04047";"0,02742";"0,05483";"0,05483"
"MU";"3303401";"Nova Friburgo (RJ)";"Canalizada até dentro da casa, apartamento ou habitação";"99,69189";"78,00958";"6,58773";"0,50916";"14,43268";"0,03655";"0,02481";"0,05222";"0,03917"
"MU";"3303401";"Nova Friburgo (RJ)";"Canalizada, mas apenas no terreno";"0,21280";"0,09400";"0,03003";"0,00914";"0,07442";"-";"-";"-";"0,00522"
"MU";"3303401";"Nova Friburgo (RJ)";"Sem água canalizada";"0,09530";"-";"0,04047";"0,00914";"0,02611";"0,00392";"0,00261";"0,00261";"0,01044"
"MU";"3303500";"Nova Iguaçu (RJ)";"Total";"100,00000";"67,85842";"27,65190";"1,64456";"0,28163";"0,81985";"0,07093";"0,05493";"1,61779"
"MU";"3303500";"Nova Iguaçu (RJ)";"Canalizada até dentro da casa, apartamento ou habitação";"92,58697";"66,39396";"22,86529";"1,29792";"0,21139";"0,68008";"0,03442";"0,04833";"1,05558"
"MU";"3303500";"Nova Iguaçu (RJ)";"Canalizada, mas apenas no terreno";"4,30784";"1,46446";"2,47136";"0,11508";"0,02260";"0,06293";"0,00556";"0,00174";"0,16411"
"MU";"3303500";"Nova Iguaçu (RJ)";"Sem água canalizada";"3,10519";"-";"2,31525";"0,23156";"0,04763";"0,07684";"0,03094";"0,00487";"0,39810"
"MU";"3303609";"Paracambi (RJ)";"Total";"100,00000";"60,27193";"29,42199";"2,38406";"7,17700";"0,07450";"0,04967";"0,11796";"0,50289"
"MU";"3303609";"Paracambi (RJ)";"Canalizada até dentro da casa, apartamento ou habitação";"96,20662";"58,73223";"27,99404";"2,12330";"6,72378";"0,06208";"0,03104";"0,11796";"0,42218"
"MU";"3303609";"Paracambi (RJ)";"Canalizada, mas apenas no terreno";"2,57031";"1,53970";"0,58981";"0,13038";"0,27938";"0,00621";"0,00621";"-";"0,01863"
"MU";"3303609";"Paracambi (RJ)";"Sem água canalizada";"1,22307";"-";"0,83814";"0,13038";"0,17384";"0,00621";"0,01242";"-";"0,06208"
"MU";"3303708";"Paraíba do Sul (RJ)";"Total";"100,00000";"90,80445";"2,86128";"1,57206";"4,34783";"0,10524";"0,02631";"0,17760";"0,10524"
"MU";"3303708";"Paraíba do Sul (RJ)";"Canalizada até dentro da casa, apartamento ou habitação";"98,52661";"90,58081";"2,42715";"1,42735";"3,78215";"0,09866";"0,01316";"0,16444";"0,03289"
"MU";"3303708";"Paraíba do Sul (RJ)";"Canalizada, mas apenas no terreno";"1,09189";"0,22364";"0,33546";"0,11182";"0,40124";"-";"-";"-";"0,01973"
"MU";"3303708";"Paraíba do Sul (RJ)";"Sem água canalizada";"0,38150";"-";"0,09866";"0,03289";"0,16444";"0,00658";"0,01316";"0,01316";"0,05262"
"MU";"3303807";"Paraty (RJ)";"Total";"100,00000";"63,47751";"0,39038";"0,21688";"34,89900";"0,01859";"0,03098";"0,27884";"0,68782"
"MU";"3303807";"Paraty (RJ)";"Canalizada até dentro da casa, apartamento ou habitação";"98,93419";"63,35358";"0,22927";"0,18590";"34,23596";"0,01239";"0,02479";"0,26026";"0,63205"
"MU";"3303807";"Paraty (RJ)";"Canalizada, mas apenas no terreno";"0,70641";"0,12393";"0,03098";"0,00620";"0,50812";"0,00620";"-";"0,00620";"0,02479"
"MU";"3303807";"Paraty (RJ)";"Sem água canalizada";"0,35940";"-";"0,13013";"0,02479";"0,15491";"-";"0,00620";"0,01239";"0,03098"
"MU";"3303856";"Paty do Alferes (RJ)";"Total";"100,00000";"60,58267";"8,75839";"15,15486";"15,04457";"0,19300";"0,03676";"0,02757";"0,20219"
"MU";"3303856";"Paty do Alferes (RJ)";"Canalizada até dentro da casa, apartamento ou habitação";"99,59563";"60,52753";"8,62972";"15,05376";"15,02619";"0,19300";"0,02757";"0,01838";"0,11947"
"MU";"3303856";"Paty do Alferes (RJ)";"Canalizada, mas apenas no terreno";"0,18381";"0,05514";"0,03676";"0,07352";"-";"-";"-";"0,00919";"0,00919"
"MU";"3303856";"Paty do Alferes (RJ)";"Sem água canalizada";"0,22057";"-";"0,09190";"0,02757";"0,01838";"-";"0,00919";"-";"0,07352"
"MU";"3303906";"Petrópolis (RJ)";"Total";"100,00000";"72,93649";"7,31167";"2,65896";"16,56073";"0,16168";"0,04065";"0,23744";"0,09239"
"MU";"3303906";"Petrópolis (RJ)";"Canalizada até dentro da casa, apartamento ou habitação";"98,90519";"72,79976";"7,07884";"2,60167";"15,96389";"0,13951";"0,02956";"0,23097";"0,06098"
"MU";"3303906";"Petrópolis (RJ)";"Canalizada, mas apenas no terreno";"0,59960";"0,13674";"0,16722";"0,04158";"0,24021";"0,00370";"-";"0,00277";"0,00739"
"MU";"3303906";"Petrópolis (RJ)";"Sem água canalizada";"0,49521";"-";"0,06560";"0,01571";"0,35662";"0,01848";"0,01109";"0,00370";"0,02402"
"MU";"3303955";"Pinheiral (RJ)";"Total";"100,00000";"91,97867";"4,83322";"0,94168";"1,92875";"0,01135";"0,02269";"-";"0,28364"
"MU";"3303955";"Pinheiral (RJ)";"Canalizada até dentro da casa, apartamento ou habitação";"99,36465";"91,75176";"4,73111";"0,87361";"1,89471";"-";"0,01135";"-";"0,10211"
"MU";"3303955";"Pinheiral (RJ)";"Canalizada, mas apenas no terreno";"0,29499";"0,22691";"0,03404";"0,02269";"-";"-";"-";"-";"0,01135"
"MU";"3303955";"Pinheiral (RJ)";"Sem água canalizada";"0,34037";"-";"0,06807";"0,04538";"0,03404";"0,01135";"0,01135";"-";"0,17018"
"MU";"3304003";"Piraí (RJ)";"Total";"100,00000";"86,82724";"5,04510";"2,31936";"4,98563";"0,40638";"0,00991";"0,15859";"0,24779"
"MU";"3304003";"Piraí (RJ)";"Canalizada até dentro da casa, apartamento ou habitação";"98,42403";"86,44068";"4,68827";"2,13103";"4,47022";"0,35682";"-";"0,14868";"0,18832"
"MU";"3304003";"Piraí (RJ)";"Canalizada, mas apenas no terreno";"0,47577";"0,38656";"0,01982";"0,04956";"0,01982";"-";"-";"-";"-"
"MU";"3304003";"Piraí (RJ)";"Sem água canalizada";"1,10021";"-";"0,33700";"0,13876";"0,49559";"0,04956";"0,00991";"0,00991";"0,05947"
"MU";"3304102";"Porciúncula (RJ)";"Total";"100,00000";"78,49245";"7,98941";"2,21149";"11,02632";"0,03115";"0,03115";"0,18689";"0,03115"
"MU";"3304102";"Porciúncula (RJ)";"Canalizada até dentro da casa, apartamento ou habitação";"99,45491";"78,35228";"7,77138";"2,21149";"10,87058";"0,03115";"0,01557";"0,18689";"0,01557"
"MU";"3304102";"Porciúncula (RJ)";"Canalizada, mas apenas no terreno";"0,43607";"0,14017";"0,17131";"-";"0,12459";"-";"-";"-";"-"
"MU";"3304102";"Porciúncula (RJ)";"Sem água canalizada";"0,10902";"-";"0,04672";"-";"0,03115";"-";"0,01557";"-";"0,01557"
"MU";"3304110";"Porto Real (RJ)";"Total";"100,00000";"98,44163";"0,72353";"0,54265";"0,18088";"0,02783";"-";"-";"0,08348"
"MU";"3304110";"Porto Real (RJ)";"Canalizada até dentro da casa, apartamento ou habitação";"99,74955";"98,31640";"0,70961";"0,51482";"0,16697";"-";"-";"-";"0,04174"
"MU";"3304110";"Porto Real (RJ)";"Canalizada, mas apenas no terreno";"0,16697";"0,12523";"0,01391";"0,01391";"0,01391";"-";"-";"-";"-"
"MU";"3304110";"Porto Real (RJ)";"Sem água canalizada";"0,08348";"-";"-";"0,01391";"-";"0,02783";"-";"-";"0,04174"
"MU";"3304128";"Quatis (RJ)";"Total";"100,00000";"86,35551";"4,76663";"3,55511";"4,23039";"0,07944";"0,05958";"0,85402";"0,09930"
"MU";"3304128";"Quatis (RJ)";"Canalizada até dentro da casa, apartamento ou habitação";"96,34558";"86,15690";"4,25025";"2,20457";"2,85998";"-";"0,01986";"0,83416";"0,01986"
"MU";"3304128";"Quatis (RJ)";"Canalizada, mas apenas no terreno";"0,65541";"0,19861";"0,11917";"0,27805";"0,03972";"-";"-";"-";"0,01986"
"MU";"3304128";"Quatis (RJ)";"Sem água canalizada";"2,99901";"-";"0,39722";"1,07249";"1,33069";"0,07944";"0,03972";"0,01986";"0,05958"
"MU";"3304144";"Queimados (RJ)";"Total";"100,00000";"77,44108";"17,00412";"3,89324";"0,35340";"0,27725";"0,03319";"0,01367";"0,98405"
"MU";"3304144";"Queimados (RJ)";"Canalizada até dentro da casa, apartamento ou habitação";"96,18877";"76,44142";"15,22541";"3,46369";"0,24796";"0,21477";"0,01757";"0,01171";"0,56622"
"MU";"3304144";"Queimados (RJ)";"Canalizada, mas apenas no terreno";"2,74128";"0,99967";"1,24568";"0,32216";"0,02929";"0,01952";"0,00390";"-";"0,12105"
"MU";"3304144";"Queimados (RJ)";"Sem água canalizada";"1,06996";"-";"0,53303";"0,10739";"0,07615";"0,04295";"0,01171";"0,00195";"0,29678"
"MU";"3304151";"Quissamã (RJ)";"Total";"100,00000";"72,19410";"15,03889";"8,74182";"0,16051";"3,50661";"0,01235";"0,02469";"0,32103"
"MU";"3304151";"Quissamã (RJ)";"Canalizada até dentro da casa, apartamento ou habitação";"98,19731";"71,50265";"14,53266";"8,40845";"0,14817";"3,39548";"-";"0,02469";"0,18521"
"MU";"3304151";"Quissamã (RJ)";"Canalizada, mas apenas no terreno";"1,25941";"0,69144";"0,30868";"0,17286";"-";"0,06174";"-";"-";"0,02469"
"MU";"3304151";"Quissamã (RJ)";"Sem água canalizada";"0,54328";"-";"0,19756";"0,16051";"0,01235";"0,04939";"0,01235";"-";"0,11112"
"MU";"3304201";"Resende (RJ)";"Total";"100,00000";"96,00888";"0,38584";"0,16180";"2,73197";"0,10994";"0,00622";"0,49370";"0,10164"
"MU";"3304201";"Resende (RJ)";"Canalizada até dentro da casa, apartamento ou habitação";"99,72411";"95,88234";"0,34850";"0,15143";"2,69670";"0,10164";"0,00415";"0,49163";"0,04771"
"MU";"3304201";"Resende (RJ)";"Canalizada, mas apenas no terreno";"0,18255";"0,12654";"0,02074";"0,00207";"0,02489";"-";"-";"-";"0,00830"
"MU";"3304201";"Resende (RJ)";"Sem água canalizada";"0,09335";"-";"0,01660";"0,00830";"0,01037";"0,00830";"0,00207";"0,00207";"0,04564"
"MU";"3304300";"Rio Bonito (RJ)";"Total";"100,00000";"49,41238";"38,97201";"3,30391";"7,09869";"0,08024";"0,02832";"0,79766";"0,30679"
"MU";"3304300";"Rio Bonito (RJ)";"Canalizada até dentro da casa, apartamento ou habitação";"95,67187";"49,02535";"35,67282";"3,04904";"6,88630";"0,06136";"0,02360";"0,78350";"0,16992"
"MU";"3304300";"Rio Bonito (RJ)";"Canalizada, mas apenas no terreno";"1,31685";"0,38703";"0,70798";"0,15104";"0,05192";"0,00472";"0,00472";"-";"0,00944"
"MU";"3304300";"Rio Bonito (RJ)";"Sem água canalizada";"3,01128";"-";"2,59121";"0,10384";"0,16048";"0,01416";"-";"0,01416";"0,12744"
"MU";"3304409";"Rio Claro (RJ)";"Total";"100,00000";"74,18550";"4,66095";"2,43180";"17,86438";"-";"-";"0,77942";"0,07794"
"MU";"3304409";"Rio Claro (RJ)";"Canalizada até dentro da casa, apartamento ou habitação";"97,52143";"74,09197";"4,41154";"1,88620";"16,39906";"-";"-";"0,71707";"0,01559"
"MU";"3304409";"Rio Claro (RJ)";"Canalizada, mas apenas no terreno";"0,53001";"0,09353";"0,10912";"0,09353";"0,23383";"-";"-";"-";"-"
"MU";"3304409";"Rio Claro (RJ)";"Sem água canalizada";"1,94856";"-";"0,14030";"0,45207";"1,23149";"-";"-";"0,06235";"0,06235"
"MU";"3304508";"Rio das Flores (RJ)";"Total";"100,00000";"85,32992";"4,54837";"0,41640";"9,35298";"0,12812";"-";"0,16015";"0,06406"
"MU";"3304508";"Rio das Flores (RJ)";"Canalizada até dentro da casa, apartamento ou habitação";"99,83985";"85,29789";"4,51634";"0,41640";"9,25689";"0,12812";"-";"0,16015";"0,06406"
"MU";"3304508";"Rio das Flores (RJ)";"Canalizada, mas apenas no terreno";"0,03203";"0,03203";"-";"-";"-";"-";"-";"-";"-"
"MU";"3304508";"Rio das Flores (RJ)";"Sem água canalizada";"0,12812";"-";"0,03203";"-";"0,09609";"-";"-";"-";"-"
"MU";"3304524";"Rio das Ostras (RJ)";"Total";"100,00000";"64,37556";"24,34610";"2,69685";"0,06772";"7,88061";"0,25394";"0,01016";"0,36906"
"MU";"3304524";"Rio das Ostras (RJ)";"Canalizada até dentro da casa, apartamento ou habitação";"91,21536";"60,50551";"21,24634";"2,52247";"0,05587";"6,49749";"0,19807";"0,00677";"0,18284"
"MU";"3304524";"Rio das Ostras (RJ)";"Canalizada, mas apenas no terreno";"5,74752";"3,87005";"1,06316";"0,07957";"0,00339";"0,65347";"0,02370";"0,00169";"0,05248"
"MU";"3304524";"Rio das Ostras (RJ)";"Sem água canalizada";"3,03713";"-";"2,03660";"0,09480";"0,00846";"0,72966";"0,03217";"0,00169";"0,13374"
"MU";"3304557";"Rio de Janeiro (RJ)";"Total";"100,00000";"98,35755";"0,77695";"0,05609";"0,39110";"0,04017";"0,01555";"0,04132";"0,32126"
"MU";"3304557";"Rio de Janeiro (RJ)";"Canalizada até dentro da casa, apartamento ou habitação";"98,97508";"97,62787";"0,66271";"0,04608";"0,35228";"0,02881";"0,00849";"0,03939";"0,20944"
"MU";"3304557";"Rio de Janeiro (RJ)";"Canalizada, mas apenas no terreno";"0,85151";"0,72968";"0,04776";"0,00378";"0,02770";"0,00328";"0,00160";"0,00103";"0,03668"
"MU";"3304557";"Rio de Janeiro (RJ)";"Sem água canalizada";"0,17341";"-";"0,06648";"0,00624";"0,01112";"0,00808";"0,00546";"0,00090";"0,07513"
"MU";"3304607";"Santa Maria Madalena (RJ)";"Total";"100,00000";"51,99298";"7,14465";"6,51792";"32,76510";"-";"0,02507";"1,35372";"0,20055"
"MU";"3304607";"Santa Maria Madalena (RJ)";"Canalizada até dentro da casa, apartamento ou habitação";"98,92204";"51,86764";"7,01930";"6,46779";"32,08824";"-";"0,02507";"1,35372";"0,10028"
"MU";"3304607";"Santa Maria Madalena (RJ)";"Canalizada, mas apenas no terreno";"0,40110";"0,12534";"0,07521";"0,02507";"0,15041";"-";"-";"-";"0,02507"
"MU";"3304607";"Santa Maria Madalena (RJ)";"Sem água canalizada";"0,67686";"-";"0,05014";"0,02507";"0,52645";"-";"-";"-";"0,07521"
"MU";"3304706";"Santo Antônio de Pádua (RJ)";"Total";"100,00000";"86,99501";"6,22748";"2,19384";"4,27388";"0,05058";"0,00632";"0,09483";"0,15806"
"MU";"3304706";"Santo Antônio de Pádua (RJ)";"Canalizada até dentro da casa, apartamento ou habitação";"99,60169";"86,88120";"6,13264";"2,16223";"4,22963";"0,03793";"-";"0,08851";"0,06955"
"MU";"3304706";"Santo Antônio de Pádua (RJ)";"Canalizada, mas apenas no terreno";"0,17702";"0,11380";"0,03161";"0,00632";"0,02529";"-";"-";"-";"-"
"MU";"3304706";"Santo Antônio de Pádua (RJ)";"Sem água canalizada";"0,22128";"-";"0,06322";"0,02529";"0,01897";"0,01264";"0,00632";"0,00632";"0,08851"
"MU";"3304755";"São Francisco de Itabapoana (RJ)";"Total";"100,00000";"22,54312";"25,69163";"49,89582";"0,24887";"0,02315";"0,01158";"0,03473";"1,55111"
"MU";"3304755";"São Francisco de Itabapoana (RJ)";"Canalizada até dentro da casa, apartamento ou habitação";"96,99618";"22,23058";"25,03762";"48,18266";"0,23730";"0,02315";"0,01158";"0,02894";"1,24436"
"MU";"3304755";"São Francisco de Itabapoana (RJ)";"Canalizada, mas apenas no terreno";"1,66107";"0,31254";"0,51511";"0,74083";"0,00579";"-";"-";"-";"0,08682"
"MU";"3304755";"São Francisco de Itabapoana (RJ)";"Sem água canalizada";"1,34275";"-";"0,13890";"0,97233";"0,00579";"-";"-";"0,00579";"0,21993"
"MU";"3304805";"São Fidélis (RJ)";"Total";"100,00000";"80,33271";"8,72686";"1,14033";"7,45908";"0,09391";"0,03354";"1,41535";"0,79823"
"MU";"3304805";"São Fidélis (RJ)";"Canalizada até dentro da casa, apartamento ou habitação";"96,33083";"80,23880";"6,77489";"0,80494";"6,90233";"0,04695";"0,01342";"1,03971";"0,50979"
"MU";"3304805";"São Fidélis (RJ)";"Canalizada, mas apenas no terreno";"1,38852";"0,09391";"0,69090";"0,20794";"0,34210";"-";"-";"0,02683";"0,02683"
"MU";"3304805";"São Fidélis (RJ)";"Sem água canalizada";"2,28065";"-";"1,26107";"0,12745";"0,21465";"0,04695";"0,02012";"0,34881";"0,26160"
"MU";"3304904";"São Gonçalo (RJ)";"Total";"100,00000";"84,56980";"9,88570";"1,67857";"0,06283";"1,51549";"0,11505";"0,02541";"2,14715"
"MU";"3304904";"São Gonçalo (RJ)";"Canalizada até dentro da casa, apartamento ou habitação";"93,24077";"81,49946";"8,00719";"1,22507";"0,04133";"0,93102";"0,04328";"0,02011";"1,47332"
"MU";"3304904";"São Gonçalo (RJ)";"Canalizada, mas apenas no terreno";"4,37584";"3,07035";"0,73219";"0,17872";"0,00698";"0,12371";"0,03156";"0,00251";"0,22982"
"MU";"3304904";"São Gonçalo (RJ)";"Sem água canalizada";"2,38339";"-";"1,14632";"0,27478";"0,01452";"0,46076";"0,04021";"0,00279";"0,44401"
"MU";"3305000";"São João da Barra (RJ)";"Total";"100,00000";"76,82522";"10,63330";"11,87085";"0,11753";"0,48396";"-";"0,01383";"0,05531"
"MU";"3305000";"São João da Barra (RJ)";"Canalizada até dentro da casa, apartamento ou habitação";"97,06858";"76,43114";"9,79674";"10,26687";"0,11062";"0,42865";"-";"0,00691";"0,02765"
"MU";"3305000";"São João da Barra (RJ)";"Canalizada, mas apenas no terreno";"2,55116";"0,39408";"0,56001";"1,56250";"0,00691";"0,02765";"-";"-";"-"
"MU";"3305000";"São João da Barra (RJ)";"Sem água canalizada";"0,38025";"-";"0,27655";"0,04148";"-";"0,02765";"-";"0,00691";"0,02765"
"MU";"3305109";"São João de Meriti (RJ)";"Total";"100,00000";"91,59097";"6,64154";"0,35255";"0,03022";"0,22101";"0,03555";"0,01541";"1,11275"
"MU";"3305109";"São João de Meriti (RJ)";"Canalizada até dentro da casa, apartamento ou habitação";"96,60072";"90,13693";"5,32082";"0,29863";"0,02311";"0,13746";"0,00830";"0,01481";"0,66066"
"MU";"3305109";"São João de Meriti (RJ)";"Canalizada, mas apenas no terreno";"2,18699";"1,45404";"0,54986";"0,02963";"0,00474";"0,03437";"0,00830";"-";"0,10606"
"MU";"3305109";"São João de Meriti (RJ)";"Sem água canalizada";"1,21229";"-";"0,77087";"0,02429";"0,00237";"0,04918";"0,01896";"0,00059";"0,34603"
"MU";"3305133";"São José de Ubá (RJ)";"Total";"100,00000";"60,02983";"8,20283";"23,11708";"8,50112";"0,11186";"-";"-";"0,03729"
"MU";"3305133";"São José de Ubá (RJ)";"Canalizada até dentro da casa, apartamento ou habitação";"99,73900";"60,02983";"8,20283";"23,00522";"8,46383";"0,03729";"-";"-";"-"
"MU";"3305133";"São José de Ubá (RJ)";"Canalizada, mas apenas no terreno";"0,07457";"-";"-";"0,03729";"-";"0,03729";"-";"-";"-"
"MU";"3305133";"São José de Ubá (RJ)";"Sem água canalizada";"0,18643";"-";"-";"0,07457";"0,03729";"0,03729";"-";"-";"0,03729"
"MU";"3305158";"São José do Vale do Rio Preto (RJ)";"Total";"100,00000";"52,86216";"29,73496";"1,02868";"16,18056";"0,03631";"0,01210";"0,09682";"0,04841"
"MU";"3305158";"São José do Vale do Rio Preto (RJ)";"Canalizada até dentro da casa, apartamento ou habitação";"99,38279";"52,69273";"29,43241";"1,00448";"16,08375";"0,03631";"0,01210";"0,09682";"0,02420"
"MU";"3305158";"São José do Vale do Rio Preto (RJ)";"Canalizada, mas apenas no terreno";"0,35096";"0,16943";"0,09682";"0,02420";"0,03631";"-";"-";"-";"0,02420"
"MU";"3305158";"São José do Vale do Rio Preto (RJ)";"Sem água canalizada";"0,26625";"-";"0,20574";"-";"0,06051";"-";"-";"-";"-"
"MU";"3305208";"São Pedro da Aldeia (RJ)";"Total";"100,00000";"95,31796";"1,56242";"0,10434";"0,04173";"2,25103";"0,11999";"0,00522";"0,59732"
"MU";"3305208";"São Pedro da Aldeia (RJ)";"Canalizada até dentro da casa, apartamento ou habitação";"96,22307";"93,76858";"1,20768";"0,07043";"0,03913";"0,81903";"0,03391";"0,00261";"0,28170"
"MU";"3305208";"São Pedro da Aldeia (RJ)";"Canalizada, mas apenas no terreno";"2,44405";"1,54938";"0,18780";"0,00783";"-";"0,64166";"0,00783";"-";"0,04956"
"MU";"3305208";"São Pedro da Aldeia (RJ)";"Sem água canalizada";"1,33288";"-";"0,16694";"0,02608";"0,00261";"0,79034";"0,07825";"0,00261";"0,26605"
"MU";"3305307";"São Sebastião do Alto (RJ)";"Total";"100,00000";"53,04170";"29,59672";"1,53794";"14,93506";"-";"-";"0,51265";"0,37594"
"MU";"3305307";"São Sebastião do Alto (RJ)";"Canalizada até dentro da casa, apartamento ou habitação";"99,11141";"52,83664";"29,52837";"1,50376";"14,62748";"-";"-";"0,44429";"0,17088"
"MU";"3305307";"São Sebastião do Alto (RJ)";"Canalizada, mas apenas no terreno";"0,37594";"0,20506";"0,06835";"0,03418";"0,06835";"-";"-";"-";"-"
"MU";"3305307";"São Sebastião do Alto (RJ)";"Sem água canalizada";"0,51265";"-";"-";"-";"0,23923";"-";"-";"0,06835";"0,20506"
"MU";"3305406";"Sapucaia (RJ)";"Total";"100,00000";"73,86822";"10,99656";"1,25504";"12,56537";"0,07470";"0,01494";"1,04587";"0,17929"
"MU";"3305406";"Sapucaia (RJ)";"Canalizada até dentro da casa, apartamento ou habitação";"99,34260";"73,76363";"10,93680";"1,15046";"12,31137";"0,07470";"0,01494";"1,03093";"0,05976"
"MU";"3305406";"Sapucaia (RJ)";"Canalizada, mas apenas no terreno";"0,31376";"0,10459";"0,01494";"0,10459";"0,08965";"-";"-";"-";"-"
"MU";"3305406";"Sapucaia (RJ)";"Sem água canalizada";"0,34364";"-";"0,04482";"-";"0,16435";"-";"-";"0,01494";"0,11953"
"MU";"3305505";"Saquarema (RJ)";"Total";"100,00000";"50,37371";"41,72993";"2,14849";"0,85588";"3,92180";"0,55984";"0,06742";"0,34294"
"MU";"3305505";"Saquarema (RJ)";"Canalizada até dentro da casa, apartamento ou habitação";"93,20280";"49,19542";"37,48278";"1,64727";"0,80312";"3,38541";"0,45139";"0,04983";"0,18759"
"MU";"3305505";"Saquarema (RJ)";"Canalizada, mas apenas no terreno";"3,52024";"1,17830";"1,89642";"0,21983";"0,01466";"0,15828";"0,01759";"0,01172";"0,02345"
"MU";"3305505";"Saquarema (RJ)";"Sem água canalizada";"3,27696";"-";"2,35073";"0,28138";"0,03810";"0,37811";"0,09086";"0,00586";"0,13190"
"MU";"3305554";"Seropédica (RJ)";"Total";"100,00000";"96,06766";"2,67044";"0,31718";"0,27966";"0,13642";"0,05116";"0,03411";"0,44337"
"MU";"3305554";"Seropédica (RJ)";"Canalizada até dentro da casa, apartamento ou habitação";"97,20337";"94,29078";"2,00198";"0,22509";"0,26602";"0,12619";"0,03411";"0,01364";"0,24556"
"MU";"3305554";"Seropédica (RJ)";"Canalizada, mas apenas no terreno";"2,24071";"1,77688";"0,36493";"0,04775";"0,00682";"0,00341";"0,00341";"0,01364";"0,02387"
"MU";"3305554";"Seropédica (RJ)";"Sem água canalizada";"0,55592";"-";"0,30354";"0,04434";"0,00682";"0,00682";"0,01364";"0,00682";"0,17394"
"MU";"3305604";"Silva Jardim (RJ)";"Total";"100,00000";"40,90275";"44,14860";"5,16039";"9,40789";"-";"0,01268";"0,08875";"0,27894"
"MU";"3305604";"Silva Jardim (RJ)";"Canalizada até dentro da casa, apartamento ou habitação";"98,08546";"40,50970";"43,08356";"4,93217";"9,36985";"-";"0,01268";"0,08875";"0,08875"
"MU";"3305604";"Silva Jardim (RJ)";"Canalizada, mas apenas no terreno";"1,16648";"0,39305";"0,62128";"0,08875";"0,03804";"-";"-";"-";"0,02536"
"MU";"3305604";"Silva Jardim (RJ)";"Sem água canalizada";"0,74807";"-";"0,44377";"0,13947";"-";"-";"-";"-";"0,16483"
"MU";"3305703";"Sumidouro (RJ)";"Total";"100,00000";"27,25420";"25,59008";"3,03957";"43,87842";"0,05094";"-";"0,15283";"0,03396"
"MU";"3305703";"Sumidouro (RJ)";"Canalizada até dentro da casa, apartamento ou habitação";"99,84717";"27,25420";"25,57310";"2,95466";"43,82747";"0,05094";"-";"0,15283";"0,03396"
"MU";"3305703";"Sumidouro (RJ)";"Canalizada, mas apenas no terreno";"0,11887";"-";"-";"0,08490";"0,03396";"-";"-";"-";"-"
"MU";"3305703";"Sumidouro (RJ)";"Sem água canalizada";"0,03396";"-";"0,01698";"-";"0,01698";"-";"-";"-";"-"
"MU";"3305752";"Tanguá (RJ)";"Total";"100,00000";"42,59612";"28,88812";"24,45445";"2,05230";"1,16037";"0,03464";"0,45029";"0,36370"
"MU";"3305752";"Tanguá (RJ)";"Canalizada até dentro da casa, apartamento ou habitação";"75,40700";"35,14894";"21,93453";"15,41392";"1,85313";"0,53689";"0,01732";"0,35504";"0,14721"
"MU";"3305752";"Tanguá (RJ)";"Canalizada, mas apenas no terreno";"22,50606";"7,44718";"5,73259";"8,46034";"0,17319";"0,52823";"-";"0,09525";"0,06928"
"MU";"3305752";"Tanguá (RJ)";"Sem água canalizada";"2,08694";"-";"1,22099";"0,58019";"0,02598";"0,09525";"0,01732";"-";"0,14721"
"MU";"3305802";"Teresópolis (RJ)";"Total";"100,00000";"69,98059";"10,93379";"0,59769";"18,25662";"0,03105";"0,02329";"0,04192";"0,13506"
"MU";"3305802";"Teresópolis (RJ)";"Canalizada até dentro da casa, apartamento ou habitação";"98,99092";"69,79430";"10,73508";"0,58216";"17,71637";"0,02794";"0,02173";"0,03881";"0,07452"
"MU";"3305802";"Teresópolis (RJ)";"Canalizada, mas apenas no terreno";"0,75448";"0,18629";"0,13351";"0,00931";"0,41605";"0,00155";"-";"0,00155";"0,00621"
"MU";"3305802";"Teresópolis (RJ)";"Sem água canalizada";"0,25460";"-";"0,06520";"0,00621";"0,12419";"0,00155";"0,00155";"0,00155";"0,05434"
"MU";"3305901";"Trajano de Moraes (RJ)";"Total";"100,00000";"40,00000";"4,62131";"0,48780";"53,58151";"0,17972";"0,02567";"1,10398";"-"
"MU";"3305901";"Trajano de Moraes (RJ)";"Canalizada até dentro da casa, apartamento ou habitação";"99,51220";"39,92298";"4,56996";"0,46213";"53,27343";"0,17972";"0,02567";"1,07831";"-"
"MU";"3305901";"Trajano de Moraes (RJ)";"Canalizada, mas apenas no terreno";"0,38511";"0,07702";"0,05135";"0,02567";"0,23107";"-";"-";"-";"-"
"MU";"3305901";"Trajano de Moraes (RJ)";"Sem água canalizada";"0,10270";"-";"-";"-";"0,07702";"-";"-";"0,02567";"-"
"MU";"3306008";"Três Rios (RJ)";"Total";"100,00000";"95,18064";"1,99458";"0,88648";"1,63929";"0,05980";"0,00352";"0,03518";"0,20051"
"MU";"3306008";"Três Rios (RJ)";"Canalizada até dentro da casa, apartamento ou habitação";"99,16629";"95,04696";"1,74130";"0,84427";"1,34028";"0,03166";"0,00352";"0,02462";"0,13368"
"MU";"3306008";"Três Rios (RJ)";"Canalizada, mas apenas no terreno";"0,61913";"0,13368";"0,22162";"0,01759";"0,23217";"-";"-";"0,00704";"0,00704"
"MU";"3306008";"Três Rios (RJ)";"Sem água canalizada";"0,21458";"-";"0,03166";"0,02462";"0,06684";"0,02814";"-";"0,00352";"0,05980"
"MU";"3306107";"Valença (RJ)";"Total";"100,00000";"81,70454";"5,86828";"3,34118";"8,36452";"0,05401";"0,00772";"0,57873";"0,08102"
"MU";"3306107";"Valença (RJ)";"Canalizada até dentro da casa, apartamento ou habitação";"98,58019";"81,43447";"5,43231";"3,02095";"8,02500";"0,05401";"0,00386";"0,57101";"0,03858"
"MU";"3306107";"Valença (RJ)";"Canalizada, mas apenas no terreno";"0,58644";"0,27007";"0,07331";"0,13118";"0,10031";"-";"-";"0,00386";"0,00772"
"MU";"3306107";"Valença (RJ)";"Sem água canalizada";"0,83337";"-";"0,36267";"0,18905";"0,23921";"-";"0,00386";"0,00386";"0,03472"
"MU";"3306156";"Varre-Sai (RJ)";"Total";"100,00000";"39,20596";"18,05900";"17,14916";"21,83623";"3,58423";"-";"0,13785";"0,02757"
"MU";"3306156";"Varre-Sai (RJ)";"Canalizada até dentro da casa, apartamento ou habitação";"99,66915";"39,20596";"17,97629";"17,03888";"21,78109";"3,50152";"-";"0,13785";"0,02757"
"MU";"3306156";"Varre-Sai (RJ)";"Canalizada, mas apenas no terreno";"0,30328";"-";"0,08271";"0,11028";"0,05514";"0,05514";"-";"-";"-"
"MU";"3306156";"Varre-Sai (RJ)";"Sem água canalizada";"0,02757";"-";"-";"-";"-";"0,02757";"-";"-";"-"
"MU";"3306206";"Vassouras (RJ)";"Total";"100,00000";"82,65393";"7,50835";"3,61053";"5,37309";"0,03106";"0,00776";"0,15529";"0,65999"
"MU";"3306206";"Vassouras (RJ)";"Canalizada até dentro da casa, apartamento ou habitação";"97,64733";"82,07159";"6,92600";"3,11360";"4,71310";"0,03106";"0,00776";"0,15529";"0,62893"
"MU";"3306206";"Vassouras (RJ)";"Canalizada, mas apenas no terreno";"2,21290";"0,58234";"0,54352";"0,45811";"0,62117";"-";"-";"-";"0,00776"
"MU";"3306206";"Vassouras (RJ)";"Sem água canalizada";"0,13976";"-";"0,03882";"0,03882";"0,03882";"-";"-";"-";"0,02329"
"MU";"3306305";"Volta Redonda (RJ)";"Total";"100,00000";"99,17237";"0,37963";"0,09797";"0,26431";"0,00510";"0,00918";"0,01123";"0,06021"
"MU";"3306305";"Volta Redonda (RJ)";"Canalizada até dentro da casa, apartamento ou habitação";"99,76222";"99,07951";"0,32758";"0,09082";"0,22349";"0,00204";"0,00510";"0,01021";"0,02347"
"MU";"3306305";"Volta Redonda (RJ)";"Canalizada, mas apenas no terreno";"0,15920";"0,09287";"0,02245";"0,00306";"0,02857";"0,00306";"-";"0,00102";"0,00816"
"MU";"3306305";"Volta Redonda (RJ)";"Sem água canalizada";"0,07858";"-";"0,02959";"0,00408";"0,01225";"-";"0,00408";"-";"0,02857"
"Fonte: IBGE - Censo Demográfico"

"Notas"
"1 - Dados do Universo"
""
"Legenda"
"Símbolo";"Significado"
"-";"Zero absoluto, não resultante de um cálculo ou arredondamento.
Ex: Em determinado município não existem pessoas de 14 anos de idade sem instrução."
"0";"Zero resultante de um cálculo ou arredondamento.
Ex: A inflação do feijão em determinada Região Metropolitana foi 0.
Determinado município produziu 400 kg de sementes de girassol e os dados da tabela são expressos em toneladas."
"X";"Valor inibido para não identificar o informante.
Ex: Determinado município só possui uma empresa produtora de cimento, logo o valor de sua produção deve ser inibido."
"..";"Valor não se aplica.
Ex: Não se pode obter o total da produção agrícola em determinado município quando os produtos agrícolas são contabilizados com unidades de medida distintas."
"...";"Valor não disponível.
Ex: A produção de feijão em determinado município não foi pesquisada ou determinado município não existia no ano da pesquisa."
"A a Z
(exceto X)";"Significa uma faixa de valores. Varia em função da tabela (se for o caso).
Ex: O nível de precisão da produção estimada de combustíveis está na faixa A (95 a 100%)"
