"Tabela 6805 - Domicílios particulares permanentes ocupados, por tipo de esgotamento sanitário"
"Variável - Domicílios particulares permanentes ocupados (Unidades)"
"Nível";"Cód.";"Município";"Ano x Tipo de esgotamento sanitário"
"Nível";"Cód.";"Município";"2022"
"Nível";"Cód.";"Município";"Total";"Rede geral, rede pluvial ou fossa ligada à rede";"Rede geral ou pluvial";"Fossa séptica ou fossa filtro ligada à rede";"Fossa séptica ou fossa filtro não ligada à rede";"Fossa rudimentar ou buraco";"Vala";"Rio, lago, córrego ou mar";"Outra forma";"Não tinham banheiro nem sanitário"
"MU";"3300100";"Angra dos Reis (RJ)";"62126";"43791";"37524";"6267";"9134";"5123";"3253";"619";"191";"15"
"MU";"3300159";"Aperibé (RJ)";"4334";"3684";"3564";"120";"101";"214";"245";"86";"2";"2"
"MU";"3300209";"Araruama (RJ)";"48144";"15812";"7950";"7862";"28148";"2457";"940";"651";"130";"6"
"MU";"3300225";"Areal (RJ)";"4231";"1775";"1659";"116";"535";"369";"84";"1461";"7";"-"
"MU";"3300233";"Armação dos Búzios (RJ)";"14920";"4755";"3473";"1282";"8962";"987";"39";"42";"134";"1"
"MU";"3300258";"Arraial do Cabo (RJ)";"11542";"8011";"7521";"490";"3173";"189";"7";"77";"84";"1"
"MU";"3300308";"Barra do Piraí (RJ)";"34992";"27394";"22989";"4405";"1832";"495";"3139";"1987";"131";"14"
"MU";"3300407";"Barra Mansa (RJ)";"62890";"51607";"50542";"1065";"988";"381";"2982";"6721";"209";"2"
"MU";"3300456";"Belford Roxo (RJ)";"180893";"159388";"142963";"16425";"2824";"4382";"8654";"4036";"1586";"23"
"MU";"3300506";"Bom Jardim (RJ)";"10878";"4829";"4105";"724";"1892";"766";"62";"3303";"25";"1"
"MU";"3300605";"Bom Jesus do Itabapoana (RJ)";"13384";"10878";"10654";"224";"371";"433";"568";"1073";"58";"3"
"MU";"3300704";"Cabo Frio (RJ)";"82015";"50470";"32602";"17868";"27483";"3482";"201";"56";"306";"17"
"MU";"3300803";"Cachoeiras de Macacu (RJ)";"22265";"14783";"11169";"3614";"3245";"2485";"698";"987";"65";"2"
"MU";"3300902";"Cambuci (RJ)";"5799";"3201";"3003";"198";"329";"275";"344";"1446";"200";"4"
"MU";"3300936";"Carapebus (RJ)";"5034";"2988";"2612";"376";"858";"860";"227";"78";"22";"1"
"MU";"3300951";"Comendador Levy Gasparian (RJ)";"3015";"2261";"2036";"225";"78";"10";"52";"613";"1";"-"
"MU";"3301009";"Campos dos Goytacazes (RJ)";"175744";"113903";"109651";"4252";"22932";"34021";"2683";"1604";"538";"63"
"MU";"3301108";"Cantagalo (RJ)";"7289";"5544";"5191";"353";"695";"302";"259";"480";"9";"-"
"MU";"3301157";"Cardoso Moreira (RJ)";"4985";"2500";"2289";"211";"580";"728";"713";"418";"46";"-"
"MU";"3301207";"Carmo (RJ)";"6683";"5735";"5005";"730";"194";"199";"116";"427";"11";"1"
"MU";"3301306";"Casimiro de Abreu (RJ)";"16907";"11291";"6821";"4470";"4702";"515";"161";"206";"30";"2"
"MU";"3301405";"Conceição de Macabu (RJ)";"7901";"4884";"4731";"153";"376";"319";"2144";"161";"16";"1"
"MU";"3301504";"Cordeiro (RJ)";"7959";"6851";"6412";"439";"380";"82";"220";"417";"8";"1"
"MU";"3301603";"Duas Barras (RJ)";"4151";"1430";"1055";"375";"313";"438";"57";"1907";"6";"-"
"MU";"3301702";"Duque de Caxias (RJ)";"298064";"266058";"221345";"44713";"7241";"6355";"9592";"7926";"761";"131"
"MU";"3301801";"Engenheiro Paulo de Frontin (RJ)";"4791";"2168";"1480";"688";"345";"351";"921";"983";"21";"2"
"MU";"3301850";"Guapimirim (RJ)";"18498";"10479";"7001";"3478";"4984";"1192";"1285";"436";"120";"2"
"MU";"3301876";"Iguaba Grande (RJ)";"10312";"5408";"1872";"3536";"4208";"117";"80";"336";"162";"1"
"MU";"3301900";"Itaboraí (RJ)";"86584";"57138";"33452";"23686";"12019";"6029";"8211";"2343";"806";"38"
"MU";"3302007";"Itaguaí (RJ)";"42279";"35074";"30079";"4995";"1676";"1248";"2240";"1182";"855";"4"
"MU";"3302056";"Italva (RJ)";"5598";"4592";"4520";"72";"259";"310";"201";"199";"36";"1"
"MU";"3302106";"Itaocara (RJ)";"9046";"6664";"6405";"259";"538";"535";"654";"610";"41";"4"
"MU";"3302205";"Itaperuna (RJ)";"38479";"34947";"34518";"429";"782";"645";"894";"904";"297";"10"
"MU";"3302254";"Itatiaia (RJ)";"11374";"7921";"7004";"917";"2152";"862";"142";"260";"36";"1"
"MU";"3302270";"Japeri (RJ)";"32110";"23015";"20355";"2660";"1152";"2242";"4005";"992";"693";"11"
"MU";"3302304";"Laje do Muriaé (RJ)";"2728";"1778";"1684";"94";"235";"46";"115";"549";"5";"-"
"MU";"3302403";"Macaé (RJ)";"92716";"78075";"71814";"6261";"6746";"3792";"1202";"2653";"232";"16"
"MU";"3302452";"Macuco (RJ)";"1940";"1672";"1628";"44";"118";"19";"47";"83";"1";"-"
"MU";"3302502";"Magé (RJ)";"82906";"56847";"37530";"19317";"5616";"5715";"9984";"4191";"521";"32"
"MU";"3302601";"Mangaratiba (RJ)";"15765";"5740";"3747";"1993";"6121";"3342";"241";"256";"64";"1"
"MU";"3302700";"Maricá (RJ)";"73454";"25458";"13014";"12444";"41712";"3277";"1085";"783";"1117";"22"
"MU";"3302809";"Mendes (RJ)";"6917";"4490";"3634";"856";"575";"343";"696";"787";"25";"1"
"MU";"3302858";"Mesquita (RJ)";"62611";"60772";"56400";"4372";"132";"161";"719";"731";"80";"16"
"MU";"3302908";"Miguel Pereira (RJ)";"10250";"7163";"3236";"3927";"1984";"446";"478";"128";"49";"2"
"MU";"3303005";"Miracema (RJ)";"9601";"8776";"8664";"112";"295";"48";"216";"257";"8";"1"
"MU";"3303104";"Natividade (RJ)";"5691";"3972";"3884";"88";"350";"112";"383";"867";"5";"2"
"MU";"3303203";"Nilópolis (RJ)";"57005";"56321";"55329";"992";"52";"77";"78";"422";"49";"6"
"MU";"3303302";"Niterói (RJ)";"194492";"179881";"175680";"4201";"7060";"1025";"2449";"3613";"439";"25"
"MU";"3303401";"Nova Friburgo (RJ)";"76597";"57099";"52109";"4990";"12761";"3259";"348";"2992";"133";"5"
"MU";"3303500";"Nova Iguaçu (RJ)";"287615";"255052";"226409";"28643";"5134";"4121";"16485";"5067";"1693";"63"
"MU";"3303609";"Paracambi (RJ)";"16107";"11864";"11187";"677";"513";"377";"1709";"1575";"66";"3"
"MU";"3303708";"Paraíba do Sul (RJ)";"15203";"12340";"11975";"365";"731";"632";"316";"1166";"17";"1"
"MU";"3303807";"Paraty (RJ)";"16138";"2859";"1977";"882";"11183";"1834";"26";"130";"93";"13"
"MU";"3303856";"Paty do Alferes (RJ)";"10881";"5352";"3296";"2056";"2559";"1075";"919";"899";"74";"3"
"MU";"3303906";"Petrópolis (RJ)";"108238";"82189";"77449";"4740";"9000";"3936";"1677";"11176";"249";"11"
"MU";"3303955";"Pinheiral (RJ)";"8814";"8072";"7896";"176";"244";"150";"125";"208";"13";"2"
"MU";"3304003";"Piraí (RJ)";"10089";"7414";"6843";"571";"1459";"411";"255";"514";"36";"-"
"MU";"3304102";"Porciúncula (RJ)";"6421";"4824";"4717";"107";"343";"207";"224";"811";"12";"-"
"MU";"3304110";"Porto Real (RJ)";"7187";"6792";"6660";"132";"206";"95";"58";"26";"9";"1"
"MU";"3304128";"Quatis (RJ)";"5035";"4335";"4056";"279";"162";"107";"61";"362";"5";"3"
"MU";"3304144";"Queimados (RJ)";"51217";"45519";"40859";"4660";"1068";"1153";"2604";"720";"141";"12"
"MU";"3304151";"Quissamã (RJ)";"8099";"6231";"6002";"229";"1252";"573";"23";"12";"6";"2"
"MU";"3304201";"Resende (RJ)";"48207";"45243";"44209";"1034";"992";"981";"451";"507";"30";"3"
"MU";"3304300";"Rio Bonito (RJ)";"21187";"16275";"8804";"7471";"1752";"815";"1448";"846";"48";"3"
"MU";"3304409";"Rio Claro (RJ)";"6415";"3572";"2962";"610";"531";"526";"161";"1607";"17";"1"
"MU";"3304508";"Rio das Flores (RJ)";"3122";"2305";"2104";"201";"127";"86";"42";"561";"-";"1"
"MU";"3304524";"Rio das Ostras (RJ)";"59069";"36893";"31125";"5768";"20219";"1302";"207";"113";"326";"9"
"MU";"3304557";"Rio de Janeiro (RJ)";"2436971";"2312653";"2245577";"67076";"26786";"9537";"50837";"31917";"4950";"291"
"MU";"3304607";"Santa Maria Madalena (RJ)";"3989";"1987";"1908";"79";"445";"497";"234";"806";"18";"2"
"MU";"3304706";"Santo Antônio de Pádua (RJ)";"15817";"13389";"13270";"119";"682";"315";"872";"540";"19";"-"
"MU";"3304755";"São Francisco de Itabapoana (RJ)";"17278";"554";"190";"364";"288";"15702";"57";"609";"38";"30"
"MU";"3304805";"São Fidélis (RJ)";"14908";"10534";"10466";"68";"745";"1068";"1038";"1436";"84";"3"
"MU";"3304904";"São Gonçalo (RJ)";"358103";"299788";"260586";"39202";"13350";"8214";"20384";"14329";"1960";"78"
"MU";"3305000";"São João da Barra (RJ)";"14464";"3842";"3238";"604";"5389";"5195";"13";"18";"5";"2"
"MU";"3305109";"São João de Meriti (RJ)";"168771";"164725";"160583";"4142";"412";"390";"1352";"1627";"236";"29"
"MU";"3305133";"São José de Ubá (RJ)";"2682";"1601";"1537";"64";"398";"211";"361";"96";"9";"6"
"MU";"3305158";"São José do Vale do Rio Preto (RJ)";"8263";"4491";"2340";"2151";"1757";"418";"33";"1545";"19";"-"
"MU";"3305208";"São Pedro da Aldeia (RJ)";"38338";"26017";"16690";"9327";"10160";"1534";"413";"64";"143";"7"
"MU";"3305307";"São Sebastião do Alto (RJ)";"2926";"1371";"1325";"46";"573";"237";"309";"416";"19";"1"
"MU";"3305406";"Sapucaia (RJ)";"6693";"4697";"4504";"193";"605";"407";"218";"752";"12";"2"
"MU";"3305505";"Saquarema (RJ)";"34117";"9334";"4582";"4752";"20737";"2699";"840";"349";"147";"11"
"MU";"3305554";"Seropédica (RJ)";"29321";"21636";"17500";"4136";"1987";"1688";"3121";"539";"341";"9"
"MU";"3305604";"Silva Jardim (RJ)";"7887";"4511";"3701";"810";"1665";"786";"713";"159";"52";"1"
"MU";"3305703";"Sumidouro (RJ)";"5889";"1504";"1312";"192";"1540";"836";"398";"1598";"13";"-"
"MU";"3305752";"Tanguá (RJ)";"11548";"8171";"4941";"3230";"1033";"763";"930";"583";"65";"3"
"MU";"3305802";"Teresópolis (RJ)";"64415";"35369";"20042";"15327";"15798";"5178";"2481";"5225";"361";"3"
"MU";"3305901";"Trajano de Moraes (RJ)";"3895";"1318";"1256";"62";"625";"693";"428";"821";"9";"1"
"MU";"3306008";"Três Rios (RJ)";"28427";"22185";"21181";"1004";"1489";"239";"1804";"2637";"71";"2"
"MU";"3306107";"Valença (RJ)";"25919";"19755";"19219";"536";"752";"640";"1872";"2823";"73";"4"
"MU";"3306156";"Varre-Sai (RJ)";"3627";"2113";"2084";"29";"373";"205";"199";"722";"15";"-"
"MU";"3306206";"Vassouras (RJ)";"12879";"9029";"6072";"2957";"909";"1234";"535";"1152";"19";"1"
"MU";"3306305";"Volta Redonda (RJ)";"97991";"94063";"92982";"1081";"688";"210";"508";"2459";"52";"11"
"Fonte: IBGE - Censo Demográfico"

"Tabela 6805 - Domicílios particulares permanentes ocupados, por tipo de esgotamento sanitário"
"Variável - Domicílios particulares permanentes ocupados - percentual do total geral"
"Nível";"Cód.";"Município";"Ano x Tipo de esgotamento sanitário"
"Nível";"Cód.";"Município";"2022"
"Nível";"Cód.";"Município";"Total";"Rede geral, rede pluvial ou fossa ligada à rede";"Rede geral ou pluvial";"Fossa séptica ou fossa filtro ligada à rede";"Fossa séptica ou fossa filtro não ligada à rede";"Fossa rudimentar ou buraco";"Vala";"Rio, lago, córrego ou mar";"Outra forma";"Não tinham banheiro nem sanitário"
"MU";"3300100";"Angra dos Reis (RJ)";"100,00000";"70,48740";"60,39983";"10,08756";"14,70238";"8,24614";"5,23613";"0,99636";"0,30744";"0,02414"
"MU";"3300159";"Aperibé (RJ)";"100,00000";"85,00231";"82,23350";"2,76880";"2,33041";"4,93770";"5,65298";"1,98431";"0,04615";"0,04615"
"MU";"3300209";"Araruama (RJ)";"100,00000";"32,84314";"16,51296";"16,33018";"58,46627";"5,10344";"1,95248";"1,35219";"0,27002";"0,01246"
"MU";"3300225";"Areal (RJ)";"100,00000";"41,95226";"39,21059";"2,74167";"12,64476";"8,72134";"1,98535";"34,53084";"0,16545";"-"
"MU";"3300233";"Armação dos Búzios (RJ)";"100,00000";"31,86997";"23,27748";"8,59249";"60,06702";"6,61528";"0,26139";"0,28150";"0,89812";"0,00670"
"MU";"3300258";"Arraial do Cabo (RJ)";"100,00000";"69,40738";"65,16202";"4,24536";"27,49090";"1,63750";"0,06065";"0,66713";"0,72778";"0,00866"
"MU";"3300308";"Barra do Piraí (RJ)";"100,00000";"78,28647";"65,69787";"12,58859";"5,23548";"1,41461";"8,97062";"5,67844";"0,37437";"0,04001"
"MU";"3300407";"Barra Mansa (RJ)";"100,00000";"82,05915";"80,36572";"1,69343";"1,57100";"0,60582";"4,74161";"10,68691";"0,33233";"0,00318"
"MU";"3300456";"Belford Roxo (RJ)";"100,00000";"88,11176";"79,03180";"9,07995";"1,56114";"2,42243";"4,78404";"2,23115";"0,87676";"0,01271"
"MU";"3300506";"Bom Jardim (RJ)";"100,00000";"44,39235";"37,73672";"6,65564";"17,39290";"7,04174";"0,56996";"30,36404";"0,22982";"0,00919"
"MU";"3300605";"Bom Jesus do Itabapoana (RJ)";"100,00000";"81,27615";"79,60251";"1,67364";"2,77197";"3,23521";"4,24387";"8,01704";"0,43335";"0,02241"
"MU";"3300704";"Cabo Frio (RJ)";"100,00000";"61,53752";"39,75127";"21,78626";"33,50972";"4,24556";"0,24508";"0,06828";"0,37310";"0,02073"
"MU";"3300803";"Cachoeiras de Macacu (RJ)";"100,00000";"66,39569";"50,16393";"16,23175";"14,57444";"11,16102";"3,13497";"4,43297";"0,29194";"0,00898"
"MU";"3300902";"Cambuci (RJ)";"100,00000";"55,19917";"51,78479";"3,41438";"5,67339";"4,74220";"5,93206";"24,93533";"3,44887";"0,06898"
"MU";"3300936";"Carapebus (RJ)";"100,00000";"59,35638";"51,88717";"7,46921";"17,04410";"17,08383";"4,50934";"1,54946";"0,43703";"0,01986"
"MU";"3300951";"Comendador Levy Gasparian (RJ)";"100,00000";"74,99171";"67,52902";"7,46269";"2,58706";"0,33167";"1,72471";"20,33167";"0,03317";"-"
"MU";"3301009";"Campos dos Goytacazes (RJ)";"100,00000";"64,81189";"62,39246";"2,41943";"13,04853";"19,35827";"1,52665";"0,91269";"0,30613";"0,03585"
"MU";"3301108";"Cantagalo (RJ)";"100,00000";"76,05982";"71,21690";"4,84291";"9,53492";"4,14323";"3,55330";"6,58527";"0,12347";"-"
"MU";"3301157";"Cardoso Moreira (RJ)";"100,00000";"50,15045";"45,91775";"4,23270";"11,63490";"14,60381";"14,30291";"8,38516";"0,92277";"-"
"MU";"3301207";"Carmo (RJ)";"100,00000";"85,81475";"74,89152";"10,92324";"2,90289";"2,97770";"1,73575";"6,38935";"0,16460";"0,01496"
"MU";"3301306";"Casimiro de Abreu (RJ)";"100,00000";"66,78299";"40,34424";"26,43875";"27,81097";"3,04608";"0,95227";"1,21843";"0,17744";"0,01183"
"MU";"3301405";"Conceição de Macabu (RJ)";"100,00000";"61,81496";"59,87850";"1,93646";"4,75889";"4,03746";"27,13581";"2,03772";"0,20251";"0,01266"
"MU";"3301504";"Cordeiro (RJ)";"100,00000";"86,07865";"80,56288";"5,51577";"4,77447";"1,03028";"2,76417";"5,23935";"0,10052";"0,01256"
"MU";"3301603";"Duas Barras (RJ)";"100,00000";"34,44953";"25,41556";"9,03397";"7,54035";"10,55167";"1,37316";"45,94074";"0,14454";"-"
"MU";"3301702";"Duque de Caxias (RJ)";"100,00000";"89,26204";"74,26090";"15,00114";"2,42934";"2,13209";"3,21810";"2,65916";"0,25531";"0,04395"
"MU";"3301801";"Engenheiro Paulo de Frontin (RJ)";"100,00000";"45,25151";"30,89125";"14,36026";"7,20100";"7,32624";"19,22354";"20,51764";"0,43832";"0,04174"
"MU";"3301850";"Guapimirim (RJ)";"100,00000";"56,64937";"37,84733";"18,80203";"26,94345";"6,44394";"6,94670";"2,35701";"0,64872";"0,01081"
"MU";"3301876";"Iguaba Grande (RJ)";"100,00000";"52,44375";"18,15361";"34,29015";"40,80683";"1,13460";"0,77580";"3,25834";"1,57099";"0,00970"
"MU";"3301900";"Itaboraí (RJ)";"100,00000";"65,99141";"38,63531";"27,35609";"13,88132";"6,96318";"9,48328";"2,70604";"0,93089";"0,04389"
"MU";"3302007";"Itaguaí (RJ)";"100,00000";"82,95844";"71,14407";"11,81438";"3,96414";"2,95182";"5,29814";"2,79571";"2,02228";"0,00946"
"MU";"3302056";"Italva (RJ)";"100,00000";"82,02930";"80,74312";"1,28617";"4,62665";"5,53769";"3,59057";"3,55484";"0,64309";"0,01786"
"MU";"3302106";"Itaocara (RJ)";"100,00000";"73,66792";"70,80478";"2,86314";"5,94738";"5,91422";"7,22971";"6,74331";"0,45324";"0,04422"
"MU";"3302205";"Itaperuna (RJ)";"100,00000";"90,82097";"89,70607";"1,11489";"2,03228";"1,67624";"2,32335";"2,34933";"0,77185";"0,02599"
"MU";"3302254";"Itatiaia (RJ)";"100,00000";"69,64129";"61,57904";"8,06225";"18,92034";"7,57869";"1,24846";"2,28592";"0,31651";"0,00879"
"MU";"3302270";"Japeri (RJ)";"100,00000";"71,67549";"63,39147";"8,28402";"3,58767";"6,98225";"12,47275";"3,08938";"2,15821";"0,03426"
"MU";"3302304";"Laje do Muriaé (RJ)";"100,00000";"65,17595";"61,73021";"3,44575";"8,61437";"1,68622";"4,21554";"20,12463";"0,18328";"-"
"MU";"3302403";"Macaé (RJ)";"100,00000";"84,20877";"77,45589";"6,75288";"7,27598";"4,08991";"1,29643";"2,86143";"0,25023";"0,01726"
"MU";"3302452";"Macuco (RJ)";"100,00000";"86,18557";"83,91753";"2,26804";"6,08247";"0,97938";"2,42268";"4,27835";"0,05155";"-"
"MU";"3302502";"Magé (RJ)";"100,00000";"68,56802";"45,26813";"23,29988";"6,77394";"6,89335";"12,04255";"5,05512";"0,62842";"0,03860"
"MU";"3302601";"Mangaratiba (RJ)";"100,00000";"36,40977";"23,76784";"12,64193";"38,82651";"21,19886";"1,52870";"1,62385";"0,40596";"0,00634"
"MU";"3302700";"Maricá (RJ)";"100,00000";"34,65843";"17,71721";"16,94121";"56,78656";"4,46130";"1,47711";"1,06597";"1,52068";"0,02995"
"MU";"3302809";"Mendes (RJ)";"100,00000";"64,91253";"52,53723";"12,37531";"8,31285";"4,95880";"10,06217";"11,37776";"0,36143";"0,01446"
"MU";"3302858";"Mesquita (RJ)";"100,00000";"97,06282";"90,08002";"6,98280";"0,21083";"0,25714";"1,14836";"1,16753";"0,12777";"0,02555"
"MU";"3302908";"Miguel Pereira (RJ)";"100,00000";"69,88293";"31,57073";"38,31220";"19,35610";"4,35122";"4,66341";"1,24878";"0,47805";"0,01951"
"MU";"3303005";"Miracema (RJ)";"100,00000";"91,40715";"90,24060";"1,16655";"3,07260";"0,49995";"2,24977";"2,67680";"0,08332";"0,01042"
"MU";"3303104";"Natividade (RJ)";"100,00000";"69,79441";"68,24811";"1,54630";"6,15006";"1,96802";"6,72992";"15,23458";"0,08786";"0,03514"
"MU";"3303203";"Nilópolis (RJ)";"100,00000";"98,80011";"97,05991";"1,74020";"0,09122";"0,13508";"0,13683";"0,74029";"0,08596";"0,01053"
"MU";"3303302";"Niterói (RJ)";"100,00000";"92,48761";"90,32762";"2,15999";"3,62997";"0,52701";"1,25918";"1,85766";"0,22572";"0,01285"
"MU";"3303401";"Nova Friburgo (RJ)";"100,00000";"74,54469";"68,03008";"6,51462";"16,65992";"4,25474";"0,45433";"3,90616";"0,17364";"0,00653"
"MU";"3303500";"Nova Iguaçu (RJ)";"100,00000";"88,67827";"78,71947";"9,95880";"1,78503";"1,43282";"5,73162";"1,76173";"0,58863";"0,02190"
"MU";"3303609";"Paracambi (RJ)";"100,00000";"73,65742";"69,45427";"4,20314";"3,18495";"2,34060";"10,61029";"9,77836";"0,40976";"0,01863"
"MU";"3303708";"Paraíba do Sul (RJ)";"100,00000";"81,16819";"78,76735";"2,40084";"4,80826";"4,15707";"2,07854";"7,66954";"0,11182";"0,00658"
"MU";"3303807";"Paraty (RJ)";"100,00000";"17,71595";"12,25059";"5,46536";"69,29607";"11,36448";"0,16111";"0,80555";"0,57628";"0,08056"
"MU";"3303856";"Paty do Alferes (RJ)";"100,00000";"49,18666";"30,29133";"18,89532";"23,51806";"9,87961";"8,44591";"8,26211";"0,68008";"0,02757"
"MU";"3303906";"Petrópolis (RJ)";"100,00000";"75,93359";"71,55435";"4,37924";"8,31501";"3,63643";"1,54936";"10,32539";"0,23005";"0,01016"
"MU";"3303955";"Pinheiral (RJ)";"100,00000";"91,58157";"89,58475";"1,99682";"2,76832";"1,70184";"1,41820";"2,35988";"0,14749";"0,02269"
"MU";"3304003";"Piraí (RJ)";"100,00000";"73,48597";"67,82635";"5,65963";"14,46129";"4,07374";"2,52751";"5,09466";"0,35682";"-"
"MU";"3304102";"Porciúncula (RJ)";"100,00000";"75,12848";"73,46208";"1,66641";"5,34185";"3,22380";"3,48855";"12,63043";"0,18689";"-"
"MU";"3304110";"Porto Real (RJ)";"100,00000";"94,50397";"92,66732";"1,83665";"2,86629";"1,32183";"0,80701";"0,36176";"0,12523";"0,01391"
"MU";"3304128";"Quatis (RJ)";"100,00000";"86,09732";"80,55611";"5,54121";"3,21748";"2,12512";"1,21152";"7,18967";"0,09930";"0,05958"
"MU";"3304144";"Queimados (RJ)";"100,00000";"88,87479";"79,77625";"9,09854";"2,08525";"2,25121";"5,08425";"1,40578";"0,27530";"0,02343"
"MU";"3304151";"Quissamã (RJ)";"100,00000";"76,93542";"74,10791";"2,82751";"15,45870";"7,07495";"0,28399";"0,14817";"0,07408";"0,02469"
"MU";"3304201";"Resende (RJ)";"100,00000";"93,85152";"91,70660";"2,14492";"2,05779";"2,03497";"0,93555";"1,05171";"0,06223";"0,00622"
"MU";"3304300";"Rio Bonito (RJ)";"100,00000";"76,81597";"41,55378";"35,26219";"8,26922";"3,84670";"6,83438";"3,99301";"0,22655";"0,01416"
"MU";"3304409";"Rio Claro (RJ)";"100,00000";"55,68200";"46,17303";"9,50896";"8,27747";"8,19953";"2,50974";"25,05066";"0,26500";"0,01559"
"MU";"3304508";"Rio das Flores (RJ)";"100,00000";"73,83088";"67,39270";"6,43818";"4,06791";"2,75464";"1,34529";"17,96925";"-";"0,03203"
"MU";"3304524";"Rio das Ostras (RJ)";"100,00000";"62,45746";"52,69261";"9,76485";"34,22946";"2,20420";"0,35044";"0,19130";"0,55190";"0,01524"
"MU";"3304557";"Rio de Janeiro (RJ)";"100,00000";"94,89867";"92,14623";"2,75243";"1,09915";"0,39135";"2,08607";"1,30970";"0,20312";"0,01194"
"MU";"3304607";"Santa Maria Madalena (RJ)";"100,00000";"49,81198";"47,83154";"1,98045";"11,15568";"12,45926";"5,86613";"20,20557";"0,45124";"0,05014"
"MU";"3304706";"Santo Antônio de Pádua (RJ)";"100,00000";"84,64943";"83,89707";"0,75236";"4,31182";"1,99153";"5,51306";"3,41405";"0,12012";"-"
"MU";"3304755";"São Francisco de Itabapoana (RJ)";"100,00000";"3,20639";"1,09966";"2,10673";"1,66686";"90,87857";"0,32990";"3,52471";"0,21993";"0,17363"
"MU";"3304805";"São Fidélis (RJ)";"100,00000";"70,66005";"70,20392";"0,45613";"4,99732";"7,16394";"6,96270";"9,63241";"0,56346";"0,02012"
"MU";"3304904";"São Gonçalo (RJ)";"100,00000";"83,71558";"72,76845";"10,94713";"3,72798";"2,29375";"5,69222";"4,00136";"0,54733";"0,02178"
"MU";"3305000";"São João da Barra (RJ)";"100,00000";"26,56250";"22,38662";"4,17588";"37,25802";"35,91676";"0,08988";"0,12445";"0,03457";"0,01383"
"MU";"3305109";"São João de Meriti (RJ)";"100,00000";"97,60267";"95,14846";"2,45421";"0,24412";"0,23108";"0,80109";"0,96403";"0,13983";"0,01718"
"MU";"3305133";"São José de Ubá (RJ)";"100,00000";"59,69426";"57,30798";"2,38628";"14,83967";"7,86726";"13,46010";"3,57942";"0,33557";"0,22371"
"MU";"3305158";"São José do Vale do Rio Preto (RJ)";"100,00000";"54,35072";"28,31901";"26,03171";"21,26346";"5,05870";"0,39937";"18,69781";"0,22994";"-"
"MU";"3305208";"São Pedro da Aldeia (RJ)";"100,00000";"67,86217";"43,53383";"24,32834";"26,50112";"4,00125";"1,07726";"0,16694";"0,37300";"0,01826"
"MU";"3305307";"São Sebastião do Alto (RJ)";"100,00000";"46,85578";"45,28366";"1,57211";"19,58305";"8,09979";"10,56049";"14,21736";"0,64935";"0,03418"
"MU";"3305406";"Sapucaia (RJ)";"100,00000";"70,17780";"67,29419";"2,88361";"9,03929";"6,08098";"3,25713";"11,23562";"0,17929";"0,02988"
"MU";"3305505";"Saquarema (RJ)";"100,00000";"27,35879";"13,43025";"13,92854";"60,78201";"7,91101";"2,46212";"1,02295";"0,43087";"0,03224"
"MU";"3305554";"Seropédica (RJ)";"100,00000";"73,79012";"59,68419";"14,10593";"6,77671";"5,75697";"10,64425";"1,83827";"1,16299";"0,03069"
"MU";"3305604";"Silva Jardim (RJ)";"100,00000";"57,19538";"46,92532";"10,27006";"21,11069";"9,96577";"9,04019";"2,01598";"0,65931";"0,01268"
"MU";"3305703";"Sumidouro (RJ)";"100,00000";"25,53914";"22,27882";"3,26032";"26,15045";"14,19596";"6,75836";"27,13534";"0,22075";"-"
"MU";"3305752";"Tanguá (RJ)";"100,00000";"70,75684";"42,78663";"27,97021";"8,94527";"6,60720";"8,05334";"5,04849";"0,56287";"0,02598"
"MU";"3305802";"Teresópolis (RJ)";"100,00000";"54,90802";"31,11387";"23,79415";"24,52534";"8,03850";"3,85159";"8,11146";"0,56043";"0,00466"
"MU";"3305901";"Trajano de Moraes (RJ)";"100,00000";"33,83825";"32,24647";"1,59178";"16,04621";"17,79204";"10,98845";"21,07831";"0,23107";"0,02567"
"MU";"3306008";"Três Rios (RJ)";"100,00000";"78,04200";"74,51015";"3,53185";"5,23798";"0,84075";"6,34608";"9,27639";"0,24976";"0,00704"
"MU";"3306107";"Valença (RJ)";"100,00000";"76,21822";"74,15024";"2,06798";"2,90135";"2,46923";"7,22250";"10,89162";"0,28165";"0,01543"
"MU";"3306156";"Varre-Sai (RJ)";"100,00000";"58,25751";"57,45795";"0,79956";"10,28398";"5,65205";"5,48663";"19,90626";"0,41356";"-"
"MU";"3306206";"Vassouras (RJ)";"100,00000";"70,10637";"47,14652";"22,95986";"7,05800";"9,58149";"4,15405";"8,94479";"0,14753";"0,00776"
"MU";"3306305";"Volta Redonda (RJ)";"100,00000";"95,99147";"94,88831";"1,10316";"0,70211";"0,21431";"0,51841";"2,50941";"0,05307";"0,01123"
"Fonte: IBGE - Censo Demográfico"

"Notas"
"1 - Dados do Universo"
""
"Legenda"
"Símbolo";"Significado"
"-";"Zero absoluto, não resultante de um cálculo ou arredondamento.
Ex: Em determinado município não existem pessoas de 14 anos de idade sem instrução."
"0";"Zero resultante de um cálculo ou arredondamento.
Ex: A inflação do feijão em determinada Região Metropolitana foi 0.
Determinado município produziu 400 kg de sementes de girassol e os dados da tabela são expressos em toneladas."
"X";"Valor inibido para não identificar o informante.
Ex: Determinado município só possui uma empresa produtora de cimento, logo o valor de sua produção deve ser inibido."
"..";"Valor não se aplica.
Ex: Não se pode obter o total da produção agrícola em determinado município quando os produtos agrícolas são contabilizados com unidades de medida distintas."
"...";"Valor não disponível.
Ex: A produção de feijão em determinado município não foi pesquisada ou determinado município não existia no ano da pesquisa."
"A a Z
(exceto X)";"Significa uma faixa de valores. Varia em função da tabela (se for o caso).
Ex: O nível de precisão da produção estimada de combustíveis está na faixa A (95 a 100%)"
