"Tabela 6909 - Moradores em domicílios particulares permanentes ocupados, por existência de canalização de água e a principal forma de abastecimento de água, segundo grupos de idade e cor ou raça"
"Variável - Moradores em domicílios particulares permanentes ocupados (Pessoas)"
"Nível";"Cód.";"Unidade da Federação";"Grupo de idade";"Cor ou raça";"Ano x Principal forma de abastecimento de água x Existência de canalização de água"
"Nível";"Cód.";"Unidade da Federação";"Grupo de idade";"Cor ou raça";"2022"
"Nível";"Cód.";"Unidade da Federação";"Grupo de idade";"Cor ou raça";"Total";;;;"Rede geral de distribuição";;;;"Poço profundo ou artesiano";;;;"Poço raso, freático ou cacimba";;;;"Fonte, nascente ou mina";;;;"Carro-pipa";;;;"Água da chuva armazenada";;;;"Rios, açudes, córregos, lagos e igarapés";;;;"Outra"
"Nível";"Cód.";"Unidade da Federação";"Grupo de idade";"Cor ou raça";"Total";"Canalizada até dentro da casa, apartamento ou habitação";"Canalizada, mas apenas no terreno";"Sem água canalizada";"Total";"Canalizada até dentro da casa, apartamento ou habitação";"Canalizada, mas apenas no terreno";"Sem água canalizada";"Total";"Canalizada até dentro da casa, apartamento ou habitação";"Canalizada, mas apenas no terreno";"Sem água canalizada";"Total";"Canalizada até dentro da casa, apartamento ou habitação";"Canalizada, mas apenas no terreno";"Sem água canalizada";"Total";"Canalizada até dentro da casa, apartamento ou habitação";"Canalizada, mas apenas no terreno";"Sem água canalizada";"Total";"Canalizada até dentro da casa, apartamento ou habitação";"Canalizada, mas apenas no terreno";"Sem água canalizada";"Total";"Canalizada até dentro da casa, apartamento ou habitação";"Canalizada, mas apenas no terreno";"Sem água canalizada";"Total";"Canalizada até dentro da casa, apartamento ou habitação";"Canalizada, mas apenas no terreno";"Sem água canalizada";"Total";"Canalizada até dentro da casa, apartamento ou habitação";"Canalizada, mas apenas no terreno";"Sem água canalizada"
"UF";"33";"Rio de Janeiro";"Total";"Total";"15991284";"15470366";"341651";"179267";"13452594";"13244453";"208141";"-";"1713175";"1510292";"91625";"111258";"263961";"233283";"15822";"14856";"338057";"325488";"6828";"5741";"86860";"64322";"7095";"15443";"7542";"4291";"949";"2302";"19395";"17930";"654";"811";"109700";"70307";"10537";"28856"
"UF";"33";"Rio de Janeiro";"Total";"Branca";"6718307";"6566546";"99817";"51944";"5813531";"5752637";"60894";"-";"584926";"524248";"27200";"33478";"91533";"82589";"4511";"4433";"160486";"156020";"2269";"2197";"29816";"23073";"2077";"4666";"2433";"1628";"250";"555";"7683";"7211";"167";"305";"27899";"19140";"2449";"6310"
"UF";"33";"Rio de Janeiro";"Total";"Preta";"2580603";"2475462";"69309";"35832";"2151913";"2108674";"43239";"-";"293601";"255465";"17355";"20781";"44768";"38796";"2952";"3020";"45129";"42801";"1292";"1036";"15511";"11002";"1468";"3041";"1532";"722";"245";"565";"2989";"2706";"159";"124";"25160";"15296";"2599";"7265"
"UF";"33";"Rio de Janeiro";"Total";"Amarela";"21775";"21142";"394";"239";"19160";"18935";"225";"-";"1800";"1504";"127";"169";"217";"174";"17";"26";"417";"396";"15";"6";"87";"69";"6";"12";"10";"5";"-";"5";"23";"22";"-";"1";"61";"37";"4";"20"
"UF";"33";"Rio de Janeiro";"Total";"Parda";"6654246";"6392123";"171151";"90972";"5454886";"5351399";"103487";"-";"831269";"727699";"46857";"56713";"127168";"111492";"8328";"7348";"130992";"125809";"2734";"2449";"41245";"30068";"3498";"7679";"3556";"1931";"452";"1173";"8681";"7976";"328";"377";"56449";"35749";"5467";"15233"
"UF";"33";"Rio de Janeiro";"Total";"Indígena";"15835";"14587";"971";"277";"12644";"12353";"291";"-";"1548";"1348";"84";"116";"266";"225";"12";"29";"1023";"452";"518";"53";"201";"110";"46";"45";"10";"5";"2";"3";"18";"14";"-";"4";"125";"80";"18";"27"
"UF";"33";"Rio de Janeiro";"0 a 4 anos";"Total";"874734";"839892";"23021";"11821";"720275";"706093";"14182";"-";"103493";"90748";"5881";"6864";"15789";"13767";"1042";"980";"19811";"18993";"487";"331";"5730";"4101";"494";"1135";"397";"201";"55";"141";"1166";"1060";"60";"46";"8073";"4929";"820";"2324"
"UF";"33";"Rio de Janeiro";"0 a 4 anos";"Branca";"383829";"372338";"7648";"3843";"322910";"318108";"4802";"-";"40033";"35622";"1994";"2417";"5767";"5154";"301";"312";"9839";"9570";"134";"135";"2186";"1670";"157";"359";"142";"82";"21";"39";"530";"493";"21";"16";"2422";"1639";"218";"565"
"UF";"33";"Rio de Janeiro";"0 a 4 anos";"Preta";"106288";"100995";"3539";"1754";"87832";"85593";"2239";"-";"12385";"10714";"764";"907";"1901";"1568";"175";"158";"1874";"1743";"76";"55";"716";"455";"95";"166";"55";"26";"8";"21";"124";"105";"14";"5";"1401";"791";"168";"442"
"UF";"33";"Rio de Janeiro";"0 a 4 anos";"Amarela";"840";"798";"30";"12";"713";"694";"19";"-";"85";"69";"11";"5";"10";"7";"-";"3";"19";"19";"-";"-";"7";"6";"-";"1";"-";"-";"-";"-";"1";"1";"-";"-";"5";"2";"-";"3"
"UF";"33";"Rio de Janeiro";"0 a 4 anos";"Parda";"383256";"365370";"11691";"6195";"308502";"301390";"7112";"-";"50944";"44305";"3109";"3530";"8105";"7033";"566";"506";"7956";"7635";"186";"135";"2799";"1961";"234";"604";"200";"93";"26";"81";"511";"461";"25";"25";"4239";"2492";"433";"1314"
"UF";"33";"Rio de Janeiro";"0 a 4 anos";"Indígena";"500";"370";"113";"17";"298";"288";"10";"-";"45";"37";"3";"5";"6";"5";"-";"1";"123";"26";"91";"6";"22";"9";"8";"5";"-";"-";"-";"-";"-";"-";"-";"-";"6";"5";"1";"-"
"UF";"33";"Rio de Janeiro";"5 a 9 anos";"Total";"1014589";"975796";"25546";"13247";"838510";"822879";"15631";"-";"119715";"105084";"6710";"7921";"17717";"15601";"1064";"1052";"21648";"20743";"505";"400";"6283";"4558";"544";"1181";"485";"230";"67";"188";"1305";"1172";"70";"63";"8926";"5529";"955";"2442"
"UF";"33";"Rio de Janeiro";"5 a 9 anos";"Branca";"398879";"387869";"7250";"3760";"337964";"333585";"4379";"-";"40326";"35936";"1995";"2395";"5857";"5274";"294";"289";"9727";"9420";"173";"134";"2172";"1688";"141";"343";"150";"81";"27";"42";"473";"430";"24";"19";"2210";"1455";"217";"538"
"UF";"33";"Rio de Janeiro";"5 a 9 anos";"Preta";"139089";"132554";"4424";"2111";"115419";"112602";"2817";"-";"16208";"14015";"1034";"1159";"2366";"2011";"172";"183";"2355";"2214";"76";"65";"860";"581";"87";"192";"87";"32";"21";"34";"173";"152";"10";"11";"1621";"947";"207";"467"
"UF";"33";"Rio de Janeiro";"5 a 9 anos";"Amarela";"1023";"980";"31";"12";"904";"888";"16";"-";"83";"68";"9";"6";"12";"5";"4";"3";"16";"15";"1";"-";"5";"2";"1";"2";"-";"-";"-";"-";"1";"1";"-";"-";"2";"1";"-";"1"
"UF";"33";"Rio de Janeiro";"5 a 9 anos";"Parda";"474955";"453872";"13738";"7345";"383795";"375396";"8399";"-";"63028";"55005";"3668";"4355";"9472";"8302";"594";"576";"9447";"9068";"186";"193";"3221";"2275";"306";"640";"248";"117";"19";"112";"658";"589";"36";"33";"5086";"3120";"530";"1436"
"UF";"33";"Rio de Janeiro";"5 a 9 anos";"Indígena";"622";"500";"103";"19";"409";"389";"20";"-";"69";"59";"4";"6";"10";"9";"-";"1";"103";"26";"69";"8";"25";"12";"9";"4";"-";"-";"-";"-";"-";"-";"-";"-";"6";"5";"1";"-"
"UF";"33";"Rio de Janeiro";"10 a 14 anos";"Total";"963548";"927534";"23814";"12200";"795699";"781306";"14393";"-";"113801";"100019";"6352";"7430";"17023";"14903";"1105";"1015";"21399";"20555";"485";"359";"5858";"4252";"522";"1084";"459";"224";"87";"148";"1309";"1220";"41";"48";"8000";"5055";"829";"2116"
"UF";"33";"Rio de Janeiro";"10 a 14 anos";"Branca";"364870";"355187";"6427";"3256";"309479";"305550";"3929";"-";"36686";"32792";"1775";"2119";"5347";"4788";"266";"293";"9091";"8833";"139";"119";"1859";"1455";"117";"287";"112";"64";"19";"29";"449";"432";"5";"12";"1847";"1273";"177";"397"
"UF";"33";"Rio de Janeiro";"10 a 14 anos";"Preta";"140299";"134099";"4086";"2114";"116143";"113618";"2525";"-";"16333";"14138";"992";"1203";"2461";"2130";"180";"151";"2500";"2356";"78";"66";"973";"691";"95";"187";"82";"32";"26";"24";"184";"167";"8";"9";"1623";"967";"182";"474"
"UF";"33";"Rio de Janeiro";"10 a 14 anos";"Amarela";"1065";"1028";"20";"17";"924";"910";"14";"-";"107";"91";"4";"12";"7";"5";"1";"1";"18";"17";"-";"1";"2";"2";"-";"-";"1";"1";"-";"-";"-";"-";"-";"-";"6";"2";"1";"3"
"UF";"33";"Rio de Janeiro";"10 a 14 anos";"Parda";"456608";"436633";"13182";"6793";"368661";"360752";"7909";"-";"60602";"52933";"3579";"4090";"9196";"7969";"658";"569";"9680";"9317";"197";"166";"3010";"2102";"304";"604";"264";"127";"42";"95";"676";"621";"28";"27";"4519";"2812";"465";"1242"
"UF";"33";"Rio de Janeiro";"10 a 14 anos";"Indígena";"681";"562";"99";"20";"472";"456";"16";"-";"69";"61";"2";"6";"11";"10";"-";"1";"110";"32";"71";"7";"14";"2";"6";"6";"-";"-";"-";"-";"-";"-";"-";"-";"5";"1";"4";"-"
"UF";"33";"Rio de Janeiro";"15 a 19 anos";"Total";"1009836";"972546";"24718";"12572";"835212";"819884";"15328";"-";"118517";"104429";"6458";"7630";"17822";"15662";"1099";"1061";"22358";"21498";"471";"389";"5887";"4297";"475";"1115";"446";"248";"62";"136";"1299";"1200";"39";"60";"8295";"5328";"786";"2181"
"UF";"33";"Rio de Janeiro";"15 a 19 anos";"Branca";"379447";"369459";"6664";"3324";"322053";"317920";"4133";"-";"37661";"33801";"1768";"2092";"5664";"5087";"269";"308";"9556";"9321";"129";"106";"1906";"1447";"147";"312";"139";"90";"16";"33";"432";"402";"7";"23";"2036";"1391";"195";"450"
"UF";"33";"Rio de Janeiro";"15 a 19 anos";"Preta";"169516";"161978";"5006";"2532";"140189";"137078";"3111";"-";"19989";"17291";"1271";"1427";"3044";"2593";"230";"221";"3097";"2933";"88";"76";"1041";"724";"97";"220";"98";"38";"19";"41";"218";"199";"12";"7";"1840";"1122";"178";"540"
"UF";"33";"Rio de Janeiro";"15 a 19 anos";"Amarela";"1093";"1062";"21";"10";"947";"936";"11";"-";"96";"81";"8";"7";"11";"9";"-";"2";"25";"23";"2";"-";"6";"6";"-";"-";"-";"-";"-";"-";"4";"4";"-";"-";"4";"3";"-";"1"
"UF";"33";"Rio de Janeiro";"15 a 19 anos";"Parda";"458987";"439375";"12927";"6685";"371457";"363403";"8054";"-";"60690";"53187";"3403";"4100";"9089";"7964";"599";"526";"9569";"9187";"182";"200";"2921";"2113";"230";"578";"209";"120";"27";"62";"645";"595";"20";"30";"4407";"2806";"412";"1189"
"UF";"33";"Rio de Janeiro";"15 a 19 anos";"Indígena";"772";"651";"100";"21";"550";"531";"19";"-";"77";"65";"8";"4";"14";"9";"1";"4";"110";"33";"70";"7";"13";"7";"1";"5";"-";"-";"-";"-";"-";"-";"-";"-";"8";"6";"1";"1"
"UF";"33";"Rio de Janeiro";"20 a 24 anos";"Total";"1140370";"1100032";"26734";"13604";"953512";"937081";"16431";"-";"127792";"112256";"7185";"8351";"18858";"16627";"1079";"1152";"23168";"22280";"489";"399";"6219";"4536";"552";"1131";"478";"243";"67";"168";"1383";"1273";"63";"47";"8960";"5736";"868";"2356"
"UF";"33";"Rio de Janeiro";"20 a 24 anos";"Branca";"434383";"423531";"7218";"3634";"372442";"367998";"4444";"-";"41060";"36758";"1987";"2315";"6032";"5424";"279";"329";"10149";"9863";"139";"147";"1932";"1460";"153";"319";"143";"88";"18";"37";"490";"455";"13";"22";"2135";"1485";"185";"465"
"UF";"33";"Rio de Janeiro";"20 a 24 anos";"Preta";"209069";"200044";"6001";"3024";"174629";"170808";"3821";"-";"23751";"20538";"1479";"1734";"3455";"3000";"212";"243";"3387";"3216";"95";"76";"1259";"839";"139";"281";"115";"51";"17";"47";"221";"201";"17";"3";"2252";"1391";"221";"640"
"UF";"33";"Rio de Janeiro";"20 a 24 anos";"Amarela";"1383";"1323";"29";"31";"1206";"1184";"22";"-";"126";"97";"7";"22";"23";"18";"-";"5";"11";"11";"-";"-";"13";"11";"-";"2";"2";"1";"-";"1";"-";"-";"-";"-";"2";"1";"-";"1"
"UF";"33";"Rio de Janeiro";"20 a 24 anos";"Parda";"494577";"474276";"13408";"6893";"404489";"396365";"8124";"-";"62771";"54790";"3708";"4273";"9329";"8170";"587";"572";"9535";"9161";"204";"170";"3003";"2218";"259";"526";"217";"103";"32";"82";"670";"616";"33";"21";"4563";"2853";"461";"1249"
"UF";"33";"Rio de Janeiro";"20 a 24 anos";"Indígena";"927";"827";"78";"22";"715";"695";"20";"-";"84";"73";"4";"7";"19";"15";"1";"3";"86";"29";"51";"6";"12";"8";"1";"3";"1";"-";"-";"1";"2";"1";"-";"1";"8";"6";"1";"1"
"UF";"33";"Rio de Janeiro";"25 a 29 anos";"Total";"1151010";"1112453";"25474";"13083";"969788";"954114";"15674";"-";"124179";"109311";"6784";"8084";"17933";"15875";"1084";"974";"22498";"21640";"470";"388";"6366";"4685";"516";"1165";"455";"256";"68";"131";"1225";"1121";"58";"46";"8566";"5451";"820";"2295"
"UF";"33";"Rio de Janeiro";"25 a 29 anos";"Branca";"442163";"431986";"6731";"3446";"383452";"379311";"4141";"-";"38741";"34678";"1852";"2211";"5597";"5079";"268";"250";"9779";"9516";"122";"141";"2003";"1545";"125";"333";"121";"87";"9";"25";"441";"415";"11";"15";"2029";"1355";"203";"471"
"UF";"33";"Rio de Janeiro";"25 a 29 anos";"Preta";"215476";"206407";"6079";"2990";"179892";"176066";"3826";"-";"24798";"21535";"1512";"1751";"3504";"3054";"223";"227";"3461";"3271";"120";"70";"1239";"885";"123";"231";"112";"46";"28";"38";"216";"189";"19";"8";"2254";"1361";"228";"665"
"UF";"33";"Rio de Janeiro";"25 a 29 anos";"Amarela";"1473";"1415";"35";"23";"1270";"1251";"19";"-";"152";"118";"14";"20";"15";"13";"1";"1";"23";"23";"-";"-";"8";"6";"1";"1";"-";"-";"-";"-";"2";"2";"-";"-";"3";"2";"-";"1"
"UF";"33";"Rio de Janeiro";"25 a 29 anos";"Parda";"490703";"471528";"12571";"6604";"404188";"396513";"7675";"-";"60387";"52892";"3400";"4095";"8798";"7713";"592";"493";"9169";"8802";"194";"173";"3103";"2245";"262";"596";"222";"123";"31";"68";"564";"513";"28";"23";"4272";"2727";"389";"1156"
"UF";"33";"Rio de Janeiro";"25 a 29 anos";"Indígena";"1154";"1077";"57";"20";"946";"934";"12";"-";"101";"88";"6";"7";"19";"16";"-";"3";"66";"28";"34";"4";"13";"4";"5";"4";"-";"-";"-";"-";"1";"1";"-";"-";"8";"6";"-";"2"
"UF";"33";"Rio de Janeiro";"30 a 34 anos";"Total";"1154609";"1118092";"24399";"12118";"978532";"963382";"15150";"-";"120043";"106187";"6338";"7518";"17443";"15442";"1064";"937";"22588";"21751";"457";"380";"6345";"4782";"507";"1056";"481";"253";"65";"163";"1302";"1211";"43";"48";"7875";"5084";"775";"2016"
"UF";"33";"Rio de Janeiro";"30 a 34 anos";"Branca";"454415";"444664";"6521";"3230";"396286";"392231";"4055";"-";"37763";"33974";"1720";"2069";"5744";"5183";"296";"265";"10095";"9834";"129";"132";"2049";"1608";"143";"298";"127";"80";"17";"30";"475";"451";"9";"15";"1876";"1303";"152";"421"
"UF";"33";"Rio de Janeiro";"30 a 34 anos";"Preta";"209348";"201200";"5513";"2635";"175648";"172116";"3532";"-";"23212";"20407";"1305";"1500";"3400";"2996";"205";"199";"3517";"3337";"105";"75";"1205";"840";"120";"245";"122";"50";"22";"50";"234";"214";"10";"10";"2010";"1240";"214";"556"
"UF";"33";"Rio de Janeiro";"30 a 34 anos";"Amarela";"1763";"1722";"27";"14";"1572";"1561";"11";"-";"136";"113";"14";"9";"12";"10";"-";"2";"25";"23";"1";"1";"10";"8";"-";"2";"-";"-";"-";"-";"2";"2";"-";"-";"6";"5";"1";"-"
"UF";"33";"Rio de Janeiro";"30 a 34 anos";"Parda";"487835";"469346";"12269";"6220";"403995";"396464";"7531";"-";"58818";"51600";"3291";"3927";"8276";"7245";"561";"470";"8886";"8527";"190";"169";"3064";"2316";"239";"509";"232";"123";"26";"83";"589";"542";"24";"23";"3975";"2529";"407";"1039"
"UF";"33";"Rio de Janeiro";"30 a 34 anos";"Indígena";"1202";"1115";"68";"19";"989";"968";"21";"-";"111";"90";"8";"13";"10";"8";"1";"1";"65";"30";"32";"3";"17";"10";"5";"2";"-";"-";"-";"-";"2";"2";"-";"-";"8";"7";"1";"-"
"UF";"33";"Rio de Janeiro";"35 a 39 anos";"Total";"1209083";"1171819";"24451";"12813";"1024777";"1009644";"15133";"-";"126304";"111576";"6526";"8202";"17869";"15853";"996";"1020";"23899";"23024";"456";"419";"6915";"5255";"529";"1131";"468";"271";"67";"130";"1325";"1240";"40";"45";"7526";"4956";"704";"1866"
"UF";"33";"Rio de Janeiro";"35 a 39 anos";"Branca";"482293";"471907";"6864";"3522";"420659";"416430";"4229";"-";"40333";"36206";"1873";"2254";"5863";"5274";"284";"305";"10720";"10393";"151";"176";"2329";"1822";"154";"353";"141";"92";"17";"32";"477";"453";"8";"16";"1771";"1237";"148";"386"
"UF";"33";"Rio de Janeiro";"35 a 39 anos";"Preta";"214062";"205853";"5424";"2785";"179652";"176187";"3465";"-";"23928";"20906";"1322";"1700";"3358";"2930";"196";"232";"3581";"3410";"98";"73";"1340";"1009";"111";"220";"106";"57";"15";"34";"240";"221";"12";"7";"1857";"1133";"205";"519"
"UF";"33";"Rio de Janeiro";"35 a 39 anos";"Amarela";"2014";"1971";"26";"17";"1796";"1782";"14";"-";"151";"128";"9";"14";"12";"11";"1";"-";"41";"37";"1";"3";"9";"9";"-";"-";"-";"-";"-";"-";"2";"2";"-";"-";"3";"2";"1";"-"
"UF";"33";"Rio de Janeiro";"35 a 39 anos";"Parda";"509316";"490772";"12071";"6473";"421524";"414123";"7401";"-";"61761";"54224";"3310";"4227";"8615";"7619";"515";"481";"9489";"9142";"181";"166";"3224";"2406";"263";"555";"220";"122";"34";"64";"603";"561";"20";"22";"3880";"2575";"347";"958"
"UF";"33";"Rio de Janeiro";"35 a 39 anos";"Indígena";"1336";"1258";"63";"15";"1096";"1075";"21";"-";"124";"106";"12";"6";"21";"19";"-";"2";"65";"39";"25";"1";"13";"9";"1";"3";"1";"-";"1";"-";"3";"3";"-";"-";"13";"7";"3";"3"
"UF";"33";"Rio de Janeiro";"40 a 44 anos";"Total";"1288484";"1247893";"26376";"14215";"1087456";"1071281";"16175";"-";"138248";"122073";"7070";"9105";"19536";"17186";"1196";"1154";"25974";"25034";"510";"430";"7135";"5331";"591";"1213";"523";"294";"72";"157";"1498";"1366";"53";"79";"8114";"5328";"709";"2077"
"UF";"33";"Rio de Janeiro";"40 a 44 anos";"Branca";"522146";"510847";"7396";"3903";"453662";"449140";"4522";"-";"44867";"40259";"2001";"2607";"6460";"5796";"347";"317";"12062";"11744";"165";"153";"2370";"1873";"173";"324";"153";"106";"19";"28";"610";"560";"17";"33";"1962";"1369";"152";"441"
"UF";"33";"Rio de Janeiro";"40 a 44 anos";"Preta";"223927";"215028";"5815";"3084";"186680";"182999";"3681";"-";"25952";"22685";"1445";"1822";"3771";"3249";"245";"277";"3831";"3636";"95";"100";"1356";"965";"129";"262";"106";"50";"15";"41";"247";"224";"12";"11";"1984";"1220";"193";"571"
"UF";"33";"Rio de Janeiro";"40 a 44 anos";"Amarela";"2027";"1966";"35";"26";"1811";"1785";"26";"-";"152";"130";"6";"16";"14";"12";"1";"1";"31";"29";"1";"1";"6";"3";"1";"2";"3";"2";"-";"1";"1";"1";"-";"-";"9";"4";"-";"5"
"UF";"33";"Rio de Janeiro";"40 a 44 anos";"Parda";"538929";"518678";"13064";"7187";"444099";"436183";"7916";"-";"67135";"58870";"3613";"4652";"9264";"8107";"601";"556";"9983";"9585";"222";"176";"3395";"2485";"286";"624";"261";"136";"38";"87";"640";"581";"24";"35";"4152";"2731";"364";"1057"
"UF";"33";"Rio de Janeiro";"40 a 44 anos";"Indígena";"1413";"1333";"66";"14";"1166";"1136";"30";"-";"142";"129";"5";"8";"26";"21";"2";"3";"65";"38";"27";"-";"8";"5";"2";"1";"-";"-";"-";"-";"-";"-";"-";"-";"6";"4";"-";"2"
"UF";"33";"Rio de Janeiro";"45 a 49 anos";"Total";"1105308";"1069950";"22989";"12369";"927260";"913489";"13771";"-";"120749";"106500";"6443";"7806";"18275";"16220";"1057";"998";"23813";"22997";"426";"390";"6150";"4559";"525";"1066";"548";"321";"64";"163";"1334";"1239";"39";"56";"7179";"4625";"664";"1890"
"UF";"33";"Rio de Janeiro";"45 a 49 anos";"Branca";"451885";"441822";"6543";"3520";"390266";"386388";"3878";"-";"39947";"35708";"1886";"2353";"6101";"5554";"284";"263";"11075";"10778";"151";"146";"2015";"1564";"159";"292";"169";"111";"16";"42";"512";"484";"4";"24";"1800";"1235";"165";"400"
"UF";"33";"Rio de Janeiro";"45 a 49 anos";"Preta";"188576";"181100";"4808";"2668";"156571";"153624";"2947";"-";"21791";"18950";"1272";"1569";"3386";"2959";"208";"219";"3508";"3345";"89";"74";"1208";"872";"108";"228";"117";"64";"10";"43";"208";"192";"7";"9";"1787";"1094";"167";"526"
"UF";"33";"Rio de Janeiro";"45 a 49 anos";"Amarela";"1614";"1578";"27";"9";"1433";"1422";"11";"-";"128";"109";"13";"6";"13";"12";"-";"1";"28";"25";"3";"-";"4";"4";"-";"-";"1";"-";"-";"1";"3";"3";"-";"-";"4";"3";"-";"1"
"UF";"33";"Rio de Janeiro";"45 a 49 anos";"Parda";"462002";"444275";"11574";"6153";"377994";"371075";"6919";"-";"58744";"51612";"3266";"3866";"8751";"7673";"564";"514";"9154";"8815";"172";"167";"2914";"2112";"256";"546";"260";"145";"38";"77";"610";"559";"28";"23";"3575";"2284";"331";"960"
"UF";"33";"Rio de Janeiro";"45 a 49 anos";"Indígena";"1199";"1144";"36";"19";"965";"950";"15";"-";"139";"121";"6";"12";"24";"22";"1";"1";"48";"34";"11";"3";"9";"7";"2";"-";"1";"1";"-";"-";"1";"1";"-";"-";"12";"8";"1";"3"
"UF";"33";"Rio de Janeiro";"50 a 54 anos";"Total";"1060236";"1025926";"22192";"12118";"886180";"872794";"13386";"-";"116927";"103222";"6014";"7691";"18713";"16569";"1119";"1025";"24060";"23218";"467";"375";"5550";"4131";"431";"988";"571";"339";"69";"163";"1324";"1232";"32";"60";"6911";"4421";"674";"1816"
"UF";"33";"Rio de Janeiro";"50 a 54 anos";"Branca";"444518";"434422";"6565";"3531";"382182";"378215";"3967";"-";"39769";"35743";"1759";"2267";"6569";"5920";"340";"309";"11602";"11267";"177";"158";"1924";"1475";"137";"312";"189";"131";"20";"38";"544";"511";"11";"22";"1739";"1160";"154";"425"
"UF";"33";"Rio de Janeiro";"50 a 54 anos";"Preta";"176840";"169851";"4574";"2415";"146104";"143328";"2776";"-";"21117";"18454";"1218";"1445";"3191";"2771";"212";"208";"3414";"3258";"98";"58";"1048";"773";"80";"195";"103";"51";"12";"40";"230";"203";"11";"16";"1633";"1013";"167";"453"
"UF";"33";"Rio de Janeiro";"50 a 54 anos";"Amarela";"1438";"1399";"24";"15";"1251";"1241";"10";"-";"126";"104";"10";"12";"18";"14";"3";"1";"35";"34";"1";"-";"3";"3";"-";"-";"-";"-";"-";"-";"-";"-";"-";"-";"5";"3";"-";"2"
"UF";"33";"Rio de Janeiro";"50 a 54 anos";"Parda";"436241";"419111";"10991";"6139";"355648";"349038";"6610";"-";"55791";"48813";"3019";"3959";"8912";"7844";"562";"506";"8975";"8630";"187";"158";"2566";"1875";"214";"477";"276";"156";"36";"84";"549";"517";"10";"22";"3524";"2238";"353";"933"
"UF";"33";"Rio de Janeiro";"50 a 54 anos";"Indígena";"1165";"1110";"37";"18";"967";"944";"23";"-";"121";"106";"7";"8";"21";"18";"2";"1";"33";"28";"4";"1";"9";"5";"-";"4";"3";"1";"1";"1";"1";"1";"-";"-";"10";"7";"-";"3"
"UF";"33";"Rio de Janeiro";"55 a 59 anos";"Total";"1008198";"976537";"20663";"10998";"847547";"835189";"12358";"-";"106312";"93765";"5710";"6837";"17863";"15860";"1043";"960";"23230";"22415";"426";"389";"5133";"3818";"407";"908";"620";"375";"68";"177";"1241";"1135";"35";"71";"6252";"3980";"616";"1656"
"UF";"33";"Rio de Janeiro";"55 a 59 anos";"Branca";"446486";"436778";"6328";"3380";"386248";"382436";"3812";"-";"37793";"33876";"1748";"2169";"6513";"5874";"320";"319";"11663";"11350";"167";"146";"1861";"1435";"123";"303";"188";"145";"10";"33";"554";"511";"11";"32";"1666";"1151";"137";"378"
"UF";"33";"Rio de Janeiro";"55 a 59 anos";"Preta";"158778";"152418";"4155";"2205";"131479";"129004";"2475";"-";"18463";"16046";"1135";"1282";"3153";"2770";"184";"199";"3086";"2926";"88";"72";"953";"673";"89";"191";"127";"65";"19";"43";"153";"140";"8";"5";"1364";"794";"157";"413"
"UF";"33";"Rio de Janeiro";"55 a 59 anos";"Amarela";"1268";"1239";"18";"11";"1135";"1122";"13";"-";"88";"75";"5";"8";"15";"14";"-";"1";"24";"24";"-";"-";"3";"2";"-";"1";"-";"-";"-";"-";"-";"-";"-";"-";"3";"2";"-";"1"
"UF";"33";"Rio de Janeiro";"55 a 59 anos";"Parda";"400523";"385022";"10120";"5381";"327738";"321707";"6031";"-";"49849";"43664";"2816";"3369";"8165";"7188";"539";"438";"8423";"8086";"166";"171";"2303";"1701";"192";"410";"304";"164";"39";"101";"529";"481";"16";"32";"3212";"2031";"321";"860"
"UF";"33";"Rio de Janeiro";"55 a 59 anos";"Indígena";"1108";"1045";"42";"21";"915";"888";"27";"-";"117";"102";"6";"9";"16";"13";"-";"3";"34";"29";"5";"-";"13";"7";"3";"3";"1";"1";"-";"-";"5";"3";"-";"2";"7";"2";"1";"4"
"UF";"33";"Rio de Janeiro";"60 a 64 anos";"Total";"920523";"893181";"17580";"9762";"780186";"769702";"10484";"-";"91940";"81169";"4818";"5953";"15850";"14032";"958";"860";"20645";"19859";"411";"375";"4585";"3440";"323";"822";"567";"336";"47";"184";"1167";"1081";"29";"57";"5583";"3562";"510";"1511"
"UF";"33";"Rio de Janeiro";"60 a 64 anos";"Branca";"419903";"411328";"5534";"3041";"365596";"362327";"3269";"-";"33617";"30153";"1564";"1900";"6078";"5518";"295";"265";"10656";"10338";"161";"157";"1690";"1286";"107";"297";"207";"145";"15";"47";"496";"472";"5";"19";"1563";"1089";"118";"356"
"UF";"33";"Rio de Janeiro";"60 a 64 anos";"Preta";"141336";"135899";"3498";"1939";"118326";"116144";"2182";"-";"15425";"13482";"866";"1077";"2537";"2174";"175";"188";"2644";"2503";"74";"67";"825";"614";"58";"153";"118";"52";"13";"53";"193";"175";"7";"11";"1268";"755";"123";"390"
"UF";"33";"Rio de Janeiro";"60 a 64 anos";"Amarela";"1086";"1051";"17";"18";"926";"919";"7";"-";"111";"94";"5";"12";"12";"7";"2";"3";"27";"25";"2";"-";"3";"2";"1";"-";"2";"1";"-";"1";"2";"1";"-";"1";"3";"2";"-";"1"
"UF";"33";"Rio de Janeiro";"60 a 64 anos";"Parda";"357107";"343855";"8499";"4753";"294426";"289423";"5003";"-";"42688";"37347";"2381";"2960";"7201";"6314";"485";"402";"7279";"6961";"169";"149";"2059";"1532";"156";"371";"239";"137";"19";"83";"475";"432";"17";"26";"2740";"1709";"269";"762"
"UF";"33";"Rio de Janeiro";"60 a 64 anos";"Indígena";"1062";"1019";"32";"11";"887";"864";"23";"-";"98";"92";"2";"4";"20";"17";"1";"2";"39";"32";"5";"2";"8";"6";"1";"1";"1";"1";"-";"-";"1";"1";"-";"-";"8";"6";"-";"2"
"UF";"33";"Rio de Janeiro";"65 a 69 anos";"Total";"753946";"732661";"13661";"7624";"643336";"635176";"8160";"-";"72432";"63894";"3720";"4818";"12566";"11105";"762";"699";"16534";"15923";"313";"298";"3625";"2698";"290";"637";"455";"303";"49";"103";"940";"893";"22";"25";"4058";"2669";"345";"1044"
"UF";"33";"Rio de Janeiro";"65 a 69 anos";"Branca";"358589";"351570";"4529";"2490";"314120";"311358";"2762";"-";"27573";"24782";"1186";"1605";"4987";"4488";"257";"242";"8855";"8594";"129";"132";"1351";"1044";"90";"217";"192";"143";"14";"35";"401";"380";"10";"11";"1110";"781";"81";"248"
"UF";"33";"Rio de Janeiro";"65 a 69 anos";"Preta";"113468";"109287";"2658";"1523";"95251";"93668";"1583";"-";"12366";"10712";"736";"918";"2018";"1754";"135";"129";"1933";"1849";"46";"38";"671";"489";"60";"122";"73";"39";"10";"24";"148";"139";"6";"3";"1008";"637";"82";"289"
"UF";"33";"Rio de Janeiro";"65 a 69 anos";"Amarela";"1016";"989";"17";"10";"894";"883";"11";"-";"74";"62";"4";"8";"14";"13";"1";"-";"29";"28";"1";"-";"1";"-";"-";"1";"1";"-";"-";"1";"1";"1";"-";"-";"2";"2";"-";"-"
"UF";"33";"Rio de Janeiro";"65 a 69 anos";"Parda";"279886";"269873";"6426";"3587";"232235";"228448";"3787";"-";"32321";"28253";"1787";"2281";"5533";"4839";"367";"327";"5692";"5433";"132";"127";"1597";"1161";"140";"296";"187";"121";"25";"41";"389";"373";"6";"10";"1932";"1245";"182";"505"
"UF";"33";"Rio de Janeiro";"65 a 69 anos";"Indígena";"969";"926";"30";"13";"820";"803";"17";"-";"98";"85";"7";"6";"13";"11";"1";"1";"25";"19";"5";"1";"5";"4";"-";"1";"1";"-";"-";"1";"1";"-";"-";"1";"6";"4";"-";"2"
"UF";"33";"Rio de Janeiro";"70 a 74 anos";"Total";"557642";"543294";"9338";"5010";"480169";"474625";"5544";"-";"50667";"44806";"2608";"3253";"9272";"8277";"530";"465";"11659";"11245";"213";"201";"2340";"1787";"186";"367";"297";"192";"23";"82";"728";"679";"11";"38";"2510";"1683";"223";"604"
"UF";"33";"Rio de Janeiro";"70 a 74 anos";"Branca";"285104";"279878";"3448";"1778";"251642";"249554";"2088";"-";"20784";"18688";"945";"1151";"3862";"3516";"170";"176";"6624";"6441";"93";"90";"957";"743";"69";"145";"124";"82";"7";"35";"363";"341";"5";"17";"748";"513";"71";"164"
"UF";"33";"Rio de Janeiro";"70 a 74 anos";"Preta";"78829";"76110";"1724";"995";"66609";"65568";"1041";"-";"8268";"7172";"467";"629";"1458";"1266";"98";"94";"1358";"1297";"30";"31";"374";"275";"37";"62";"59";"37";"3";"19";"91";"86";"1";"4";"612";"409";"47";"156"
"UF";"33";"Rio de Janeiro";"70 a 74 anos";"Amarela";"1040";"1013";"22";"5";"942";"929";"13";"-";"67";"59";"4";"4";"10";"8";"1";"1";"16";"15";"1";"-";"2";"-";"2";"-";"-";"-";"-";"-";"1";"1";"-";"-";"2";"1";"1";"-"
"UF";"33";"Rio de Janeiro";"70 a 74 anos";"Parda";"191956";"185599";"4135";"2222";"160365";"157971";"2394";"-";"21492";"18837";"1192";"1463";"3926";"3472";"261";"193";"3644";"3476";"89";"79";"1001";"763";"78";"160";"114";"73";"13";"28";"272";"250";"5";"17";"1142";"757";"103";"282"
"UF";"33";"Rio de Janeiro";"70 a 74 anos";"Indígena";"689";"670";"9";"10";"590";"582";"8";"-";"55";"49";"-";"6";"16";"15";"-";"1";"15";"14";"-";"1";"6";"6";"-";"-";"-";"-";"-";"-";"1";"1";"-";"-";"6";"3";"1";"2"
"UF";"33";"Rio de Janeiro";"75 a 79 anos";"Total";"351656";"343440";"5292";"2924";"305434";"302273";"3161";"-";"30214";"26799";"1504";"1911";"5469";"4903";"304";"262";"7187";"6972";"99";"116";"1360";"1028";"96";"236";"154";"103";"11";"40";"412";"392";"12";"8";"1426";"970";"105";"351"
"UF";"33";"Rio de Janeiro";"75 a 79 anos";"Branca";"192968";"189850";"1988";"1130";"171872";"170691";"1181";"-";"13153";"11826";"571";"756";"2384";"2171";"113";"100";"4258";"4141";"46";"71";"567";"447";"37";"83";"72";"48";"4";"20";"189";"184";"3";"2";"473";"342";"33";"98"
"UF";"33";"Rio de Janeiro";"75 a 79 anos";"Preta";"45571";"44011";"1014";"546";"38602";"37978";"624";"-";"4677";"4075";"267";"335";"850";"754";"54";"42";"804";"773";"13";"18";"234";"165";"19";"50";"25";"15";"3";"7";"52";"45";"4";"3";"327";"206";"30";"91"
"UF";"33";"Rio de Janeiro";"75 a 79 anos";"Amarela";"697";"688";"6";"3";"610";"607";"3";"-";"56";"50";"3";"3";"3";"3";"-";"-";"22";"22";"-";"-";"4";"4";"-";"-";"-";"-";"-";"-";"1";"1";"-";"-";"1";"1";"-";"-"
"UF";"33";"Rio de Janeiro";"75 a 79 anos";"Parda";"111938";"108427";"2271";"1240";"93941";"92591";"1350";"-";"12284";"10809";"660";"815";"2222";"1967";"136";"119";"2090";"2028";"36";"26";"554";"411";"40";"103";"57";"40";"4";"13";"170";"162";"5";"3";"620";"419";"40";"161"
"UF";"33";"Rio de Janeiro";"75 a 79 anos";"Indígena";"465";"448";"12";"5";"396";"393";"3";"-";"41";"37";"2";"2";"10";"8";"1";"1";"12";"7";"4";"1";"1";"1";"-";"-";"-";"-";"-";"-";"-";"-";"-";"-";"5";"2";"2";"1"
"UF";"33";"Rio de Janeiro";"80 a 84 anos";"Total";"227188";"222441";"3119";"1628";"199510";"197671";"1839";"-";"18180";"16206";"883";"1091";"3303";"2986";"170";"147";"4184";"4064";"62";"58";"837";"637";"74";"126";"83";"62";"5";"16";"258";"243";"6";"9";"833";"572";"80";"181"
"UF";"33";"Rio de Janeiro";"80 a 84 anos";"Branca";"131669";"129760";"1226";"683";"118465";"117735";"730";"-";"8323";"7516";"346";"461";"1445";"1319";"65";"61";"2572";"2514";"24";"34";"384";"297";"35";"52";"36";"31";"-";"5";"151";"142";"3";"6";"293";"206";"23";"64"
"UF";"33";"Rio de Janeiro";"80 a 84 anos";"Preta";"27541";"26643";"586";"312";"23384";"23035";"349";"-";"2887";"2525";"163";"199";"498";"438";"29";"31";"424";"400";"12";"12";"120";"90";"11";"19";"13";"8";"2";"3";"26";"24";"-";"2";"189";"123";"20";"46"
"UF";"33";"Rio de Janeiro";"80 a 84 anos";"Amarela";"520";"513";"4";"3";"471";"469";"2";"-";"25";"22";"1";"2";"6";"4";"1";"1";"16";"16";"-";"-";"1";"1";"-";"-";"-";"-";"-";"-";"-";"-";"-";"-";"1";"1";"-";"-"
"UF";"33";"Rio de Janeiro";"80 a 84 anos";"Parda";"67148";"65230";"1291";"627";"56935";"56182";"753";"-";"6914";"6116";"372";"426";"1345";"1217";"74";"54";"1163";"1129";"22";"12";"327";"244";"28";"55";"34";"23";"3";"8";"81";"77";"3";"1";"349";"242";"36";"71"
"UF";"33";"Rio de Janeiro";"80 a 84 anos";"Indígena";"299";"284";"12";"3";"245";"240";"5";"-";"30";"26";"1";"3";"9";"8";"1";"-";"9";"5";"4";"-";"5";"5";"-";"-";"-";"-";"-";"-";"-";"-";"-";"-";"1";"-";"1";"-"
"UF";"33";"Rio de Janeiro";"85 a 89 anos";"Total";"126114";"123820";"1524";"770";"112350";"111449";"901";"-";"9023";"8068";"422";"533";"1699";"1551";"97";"51";"2149";"2073";"46";"30";"358";"279";"20";"59";"32";"25";"1";"6";"96";"92";"1";"3";"407";"283";"36";"88"
"UF";"33";"Rio de Janeiro";"85 a 89 anos";"Branca";"77180";"76252";"619";"309";"70376";"69991";"385";"-";"4254";"3878";"153";"223";"804";"749";"41";"14";"1367";"1330";"24";"13";"177";"143";"6";"28";"16";"13";"-";"3";"51";"50";"-";"1";"135";"98";"10";"27"
"UF";"33";"Rio de Janeiro";"85 a 89 anos";"Preta";"14377";"13952";"287";"138";"12365";"12194";"171";"-";"1347";"1182";"77";"88";"271";"247";"14";"10";"218";"203";"7";"8";"57";"40";"6";"11";"11";"8";"1";"2";"16";"15";"1";"-";"92";"63";"10";"19"
"UF";"33";"Rio de Janeiro";"85 a 89 anos";"Amarela";"283";"280";"2";"1";"246";"244";"2";"-";"25";"24";"-";"1";"4";"4";"-";"-";"8";"8";"-";"-";"-";"-";"-";"-";"-";"-";"-";"-";"-";"-";"-";"-";"-";"-";"-";"-"
"UF";"33";"Rio de Janeiro";"85 a 89 anos";"Parda";"34111";"33181";"614";"316";"29226";"28883";"343";"-";"3382";"2972";"191";"219";"620";"551";"42";"27";"552";"529";"14";"9";"119";"94";"8";"17";"5";"4";"-";"1";"29";"27";"-";"2";"178";"121";"16";"41"
"UF";"33";"Rio de Janeiro";"85 a 89 anos";"Indígena";"158";"150";"2";"6";"132";"132";"-";"-";"15";"12";"1";"2";"-";"-";"-";"-";"4";"3";"1";"-";"5";"2";"-";"3";"-";"-";"-";"-";"-";"-";"-";"-";"2";"1";"-";"1"
"UF";"33";"Rio de Janeiro";"90 a 94 anos";"Total";"56436";"55550";"589";"297";"50835";"50491";"344";"-";"3539";"3179";"162";"198";"723";"653";"35";"35";"965";"934";"22";"9";"130";"104";"9";"17";"18";"12";"2";"4";"63";"61";"-";"2";"163";"116";"15";"32"
"UF";"33";"Rio de Janeiro";"90 a 94 anos";"Branca";"36105";"35726";"256";"123";"33260";"33103";"157";"-";"1705";"1565";"59";"81";"349";"321";"16";"12";"616";"597";"13";"6";"59";"49";"2";"8";"11";"8";"1";"2";"37";"37";"-";"-";"68";"46";"8";"14"
"UF";"33";"Rio de Janeiro";"90 a 94 anos";"Preta";"6104";"5968";"89";"47";"5311";"5255";"56";"-";"522";"470";"24";"28";"99";"89";"3";"7";"102";"100";"2";"-";"25";"18";"3";"4";"3";"1";"1";"1";"9";"9";"-";"-";"33";"26";"-";"7"
"UF";"33";"Rio de Janeiro";"90 a 94 anos";"Amarela";"112";"108";"2";"2";"92";"91";"1";"-";"11";"9";"-";"2";"5";"4";"1";"-";"2";"2";"-";"-";"-";"-";"-";"-";"-";"-";"-";"-";"2";"2";"-";"-";"-";"-";"-";"-"
"UF";"33";"Rio de Janeiro";"90 a 94 anos";"Parda";"14024";"13665";"237";"122";"12099";"11970";"129";"-";"1289";"1125";"79";"85";"269";"238";"15";"16";"241";"235";"4";"2";"45";"37";"3";"5";"4";"3";"-";"1";"15";"13";"-";"2";"62";"44";"7";"11"
"UF";"33";"Rio de Janeiro";"90 a 94 anos";"Indígena";"90";"82";"5";"3";"72";"71";"1";"-";"12";"10";"-";"2";"1";"1";"-";"-";"4";"-";"3";"1";"1";"-";"1";"-";"-";"-";"-";"-";"-";"-";"-";"-";"-";"-";"-";"-"
"UF";"33";"Rio de Janeiro";"95 a 99 anos";"Total";"15200";"14975";"146";"79";"13717";"13636";"81";"-";"947";"861";"34";"52";"182";"162";"14";"6";"253";"239";"10";"4";"40";"31";"4";"5";"5";"3";"-";"2";"18";"18";"-";"-";"38";"25";"3";"10"
"UF";"33";"Rio de Janeiro";"95 a 99 anos";"Branca";"9896";"9814";"50";"32";"9142";"9118";"24";"-";"465";"422";"16";"27";"84";"79";"3";"2";"166";"162";"3";"1";"17";"15";"2";"-";"1";"1";"-";"-";"8";"8";"-";"-";"13";"9";"2";"2"
"UF";"33";"Rio de Janeiro";"95 a 99 anos";"Preta";"1733";"1695";"26";"12";"1509";"1494";"15";"-";"153";"141";"6";"6";"30";"27";"2";"1";"24";"20";"2";"2";"7";"4";"1";"2";"-";"-";"-";"-";"5";"5";"-";"-";"5";"4";"-";"1"
"UF";"33";"Rio de Janeiro";"95 a 99 anos";"Amarela";"19";"19";"-";"-";"17";"17";"-";"-";"1";"1";"-";"-";"1";"1";"-";"-";"-";"-";"-";"-";"-";"-";"-";"-";"-";"-";"-";"-";"-";"-";"-";"-";"-";"-";"-";"-"
"UF";"33";"Rio de Janeiro";"95 a 99 anos";"Parda";"3532";"3432";"65";"35";"3036";"2994";"42";"-";"328";"297";"12";"19";"67";"55";"9";"3";"59";"57";"1";"1";"14";"11";"-";"3";"3";"1";"-";"2";"5";"5";"-";"-";"20";"12";"1";"7"
"UF";"33";"Rio de Janeiro";"95 a 99 anos";"Indígena";"19";"14";"5";"-";"12";"12";"-";"-";"-";"-";"-";"-";"-";"-";"-";"-";"4";"-";"4";"-";"2";"1";"1";"-";"1";"1";"-";"-";"-";"-";"-";"-";"-";"-";"-";"-"
"UF";"33";"Rio de Janeiro";"100 anos ou mais";"Total";"2574";"2534";"25";"15";"2309";"2294";"15";"-";"153";"140";"3";"10";"56";"49";"4";"3";"35";"31";"3";"1";"14";"13";"-";"1";"-";"-";"-";"-";"2";"2";"-";"-";"5";"5";"-";"-"
"UF";"33";"Rio de Janeiro";"100 anos ou mais";"Branca";"1579";"1558";"12";"9";"1455";"1448";"7";"-";"73";"65";"2";"6";"26";"21";"3";"2";"14";"14";"-";"-";"8";"7";"-";"1";"-";"-";"-";"-";"-";"-";"-";"-";"3";"3";"-";"-"
"UF";"33";"Rio de Janeiro";"100 anos ou mais";"Preta";"376";"370";"3";"3";"318";"315";"3";"-";"29";"27";"-";"2";"17";"16";"-";"1";"11";"11";"-";"-";"-";"-";"-";"-";"-";"-";"-";"-";"1";"1";"-";"-";"-";"-";"-";"-"
"UF";"33";"Rio de Janeiro";"100 anos ou mais";"Amarela";"1";"-";"1";"-";"-";"-";"-";"-";"-";"-";"-";"-";"-";"-";"-";"-";"1";"-";"1";"-";"-";"-";"-";"-";"-";"-";"-";"-";"-";"-";"-";"-";"-";"-";"-";"-"
"UF";"33";"Rio de Janeiro";"100 anos ou mais";"Parda";"612";"603";"7";"2";"533";"528";"5";"-";"51";"48";"1";"2";"13";"12";"1";"-";"6";"6";"-";"-";"6";"6";"-";"-";"-";"-";"-";"-";"1";"1";"-";"-";"2";"2";"-";"-"
"UF";"33";"Rio de Janeiro";"100 anos ou mais";"Indígena";"5";"2";"2";"1";"2";"2";"-";"-";"-";"-";"-";"-";"-";"-";"-";"-";"3";"-";"2";"1";"-";"-";"-";"-";"-";"-";"-";"-";"-";"-";"-";"-";"-";"-";"-";"-"
"Fonte: IBGE - Censo Demográfico"

"Tabela 6909 - Moradores em domicílios particulares permanentes ocupados, por existência de canalização de água e a principal forma de abastecimento de água, segundo grupos de idade e cor ou raça"
"Variável - Moradores em domicílios particulares permanentes ocupados - percentual do total geral"
"Nível";"Cód.";"Unidade da Federação";"Grupo de idade";"Cor ou raça";"Ano x Principal forma de abastecimento de água x Existência de canalização de água"
"Nível";"Cód.";"Unidade da Federação";"Grupo de idade";"Cor ou raça";"2022"
"Nível";"Cód.";"Unidade da Federação";"Grupo de idade";"Cor ou raça";"Total";;;;"Rede geral de distribuição";;;;"Poço profundo ou artesiano";;;;"Poço raso, freático ou cacimba";;;;"Fonte, nascente ou mina";;;;"Carro-pipa";;;;"Água da chuva armazenada";;;;"Rios, açudes, córregos, lagos e igarapés";;;;"Outra"
"Nível";"Cód.";"Unidade da Federação";"Grupo de idade";"Cor ou raça";"Total";"Canalizada até dentro da casa, apartamento ou habitação";"Canalizada, mas apenas no terreno";"Sem água canalizada";"Total";"Canalizada até dentro da casa, apartamento ou habitação";"Canalizada, mas apenas no terreno";"Sem água canalizada";"Total";"Canalizada até dentro da casa, apartamento ou habitação";"Canalizada, mas apenas no terreno";"Sem água canalizada";"Total";"Canalizada até dentro da casa, apartamento ou habitação";"Canalizada, mas apenas no terreno";"Sem água canalizada";"Total";"Canalizada até dentro da casa, apartamento ou habitação";"Canalizada, mas apenas no terreno";"Sem água canalizada";"Total";"Canalizada até dentro da casa, apartamento ou habitação";"Canalizada, mas apenas no terreno";"Sem água canalizada";"Total";"Canalizada até dentro da casa, apartamento ou habitação";"Canalizada, mas apenas no terreno";"Sem água canalizada";"Total";"Canalizada até dentro da casa, apartamento ou habitação";"Canalizada, mas apenas no terreno";"Sem água canalizada";"Total";"Canalizada até dentro da casa, apartamento ou habitação";"Canalizada, mas apenas no terreno";"Sem água canalizada"
"UF";"33";"Rio de Janeiro";"Total";"Total";"100,00";"96,74";"2,14";"1,12";"84,12";"82,82";"1,30";"-";"10,71";"9,44";"0,57";"0,70";"1,65";"1,46";"0,10";"0,09";"2,11";"2,04";"0,04";"0,04";"0,54";"0,40";"0,04";"0,10";"0,05";"0,03";"0,01";"0,01";"0,12";"0,11";"0,00";"0,01";"0,69";"0,44";"0,07";"0,18"
"UF";"33";"Rio de Janeiro";"Total";"Branca";"42,01";"41,06";"0,62";"0,32";"36,35";"35,97";"0,38";"-";"3,66";"3,28";"0,17";"0,21";"0,57";"0,52";"0,03";"0,03";"1,00";"0,98";"0,01";"0,01";"0,19";"0,14";"0,01";"0,03";"0,02";"0,01";"0,00";"0,00";"0,05";"0,05";"0,00";"0,00";"0,17";"0,12";"0,02";"0,04"
"UF";"33";"Rio de Janeiro";"Total";"Preta";"16,14";"15,48";"0,43";"0,22";"13,46";"13,19";"0,27";"-";"1,84";"1,60";"0,11";"0,13";"0,28";"0,24";"0,02";"0,02";"0,28";"0,27";"0,01";"0,01";"0,10";"0,07";"0,01";"0,02";"0,01";"0,00";"0,00";"0,00";"0,02";"0,02";"0,00";"0,00";"0,16";"0,10";"0,02";"0,05"
"UF";"33";"Rio de Janeiro";"Total";"Amarela";"0,14";"0,13";"0,00";"0,00";"0,12";"0,12";"0,00";"-";"0,01";"0,01";"0,00";"0,00";"0,00";"0,00";"0,00";"0,00";"0,00";"0,00";"0,00";"0,00";"0,00";"0,00";"0,00";"0,00";"0,00";"0,00";"-";"0,00";"0,00";"0,00";"-";"0,00";"0,00";"0,00";"0,00";"0,00"
"UF";"33";"Rio de Janeiro";"Total";"Parda";"41,61";"39,97";"1,07";"0,57";"34,11";"33,46";"0,65";"-";"5,20";"4,55";"0,29";"0,35";"0,80";"0,70";"0,05";"0,05";"0,82";"0,79";"0,02";"0,02";"0,26";"0,19";"0,02";"0,05";"0,02";"0,01";"0,00";"0,01";"0,05";"0,05";"0,00";"0,00";"0,35";"0,22";"0,03";"0,10"
"UF";"33";"Rio de Janeiro";"Total";"Indígena";"0,10";"0,09";"0,01";"0,00";"0,08";"0,08";"0,00";"-";"0,01";"0,01";"0,00";"0,00";"0,00";"0,00";"0,00";"0,00";"0,01";"0,00";"0,00";"0,00";"0,00";"0,00";"0,00";"0,00";"0,00";"0,00";"0,00";"0,00";"0,00";"0,00";"-";"0,00";"0,00";"0,00";"0,00";"0,00"
"UF";"33";"Rio de Janeiro";"0 a 4 anos";"Total";"5,47";"5,25";"0,14";"0,07";"4,50";"4,42";"0,09";"-";"0,65";"0,57";"0,04";"0,04";"0,10";"0,09";"0,01";"0,01";"0,12";"0,12";"0,00";"0,00";"0,04";"0,03";"0,00";"0,01";"0,00";"0,00";"0,00";"0,00";"0,01";"0,01";"0,00";"0,00";"0,05";"0,03";"0,01";"0,01"
"UF";"33";"Rio de Janeiro";"0 a 4 anos";"Branca";"2,40";"2,33";"0,05";"0,02";"2,02";"1,99";"0,03";"-";"0,25";"0,22";"0,01";"0,02";"0,04";"0,03";"0,00";"0,00";"0,06";"0,06";"0,00";"0,00";"0,01";"0,01";"0,00";"0,00";"0,00";"0,00";"0,00";"0,00";"0,00";"0,00";"0,00";"0,00";"0,02";"0,01";"0,00";"0,00"
"UF";"33";"Rio de Janeiro";"0 a 4 anos";"Preta";"0,66";"0,63";"0,02";"0,01";"0,55";"0,54";"0,01";"-";"0,08";"0,07";"0,00";"0,01";"0,01";"0,01";"0,00";"0,00";"0,01";"0,01";"0,00";"0,00";"0,00";"0,00";"0,00";"0,00";"0,00";"0,00";"0,00";"0,00";"0,00";"0,00";"0,00";"0,00";"0,01";"0,00";"0,00";"0,00"
"UF";"33";"Rio de Janeiro";"0 a 4 anos";"Amarela";"0,01";"0,00";"0,00";"0,00";"0,00";"0,00";"0,00";"-";"0,00";"0,00";"0,00";"0,00";"0,00";"0,00";"-";"0,00";"0,00";"0,00";"-";"-";"0,00";"0,00";"-";"0,00";"-";"-";"-";"-";"0,00";"0,00";"-";"-";"0,00";"0,00";"-";"0,00"
"UF";"33";"Rio de Janeiro";"0 a 4 anos";"Parda";"2,40";"2,28";"0,07";"0,04";"1,93";"1,88";"0,04";"-";"0,32";"0,28";"0,02";"0,02";"0,05";"0,04";"0,00";"0,00";"0,05";"0,05";"0,00";"0,00";"0,02";"0,01";"0,00";"0,00";"0,00";"0,00";"0,00";"0,00";"0,00";"0,00";"0,00";"0,00";"0,03";"0,02";"0,00";"0,01"
"UF";"33";"Rio de Janeiro";"0 a 4 anos";"Indígena";"0,00";"0,00";"0,00";"0,00";"0,00";"0,00";"0,00";"-";"0,00";"0,00";"0,00";"0,00";"0,00";"0,00";"-";"0,00";"0,00";"0,00";"0,00";"0,00";"0,00";"0,00";"0,00";"0,00";"-";"-";"-";"-";"-";"-";"-";"-";"0,00";"0,00";"0,00";"-"
"UF";"33";"Rio de Janeiro";"5 a 9 anos";"Total";"6,34";"6,10";"0,16";"0,08";"5,24";"5,15";"0,10";"-";"0,75";"0,66";"0,04";"0,05";"0,11";"0,10";"0,01";"0,01";"0,14";"0,13";"0,00";"0,00";"0,04";"0,03";"0,00";"0,01";"0,00";"0,00";"0,00";"0,00";"0,01";"0,01";"0,00";"0,00";"0,06";"0,03";"0,01";"0,02"
"UF";"33";"Rio de Janeiro";"5 a 9 anos";"Branca";"2,49";"2,43";"0,05";"0,02";"2,11";"2,09";"0,03";"-";"0,25";"0,22";"0,01";"0,01";"0,04";"0,03";"0,00";"0,00";"0,06";"0,06";"0,00";"0,00";"0,01";"0,01";"0,00";"0,00";"0,00";"0,00";"0,00";"0,00";"0,00";"0,00";"0,00";"0,00";"0,01";"0,01";"0,00";"0,00"
"UF";"33";"Rio de Janeiro";"5 a 9 anos";"Preta";"0,87";"0,83";"0,03";"0,01";"0,72";"0,70";"0,02";"-";"0,10";"0,09";"0,01";"0,01";"0,01";"0,01";"0,00";"0,00";"0,01";"0,01";"0,00";"0,00";"0,01";"0,00";"0,00";"0,00";"0,00";"0,00";"0,00";"0,00";"0,00";"0,00";"0,00";"0,00";"0,01";"0,01";"0,00";"0,00"
"UF";"33";"Rio de Janeiro";"5 a 9 anos";"Amarela";"0,01";"0,01";"0,00";"0,00";"0,01";"0,01";"0,00";"-";"0,00";"0,00";"0,00";"0,00";"0,00";"0,00";"0,00";"0,00";"0,00";"0,00";"0,00";"-";"0,00";"0,00";"0,00";"0,00";"-";"-";"-";"-";"0,00";"0,00";"-";"-";"0,00";"0,00";"-";"0,00"
"UF";"33";"Rio de Janeiro";"5 a 9 anos";"Parda";"2,97";"2,84";"0,09";"0,05";"2,40";"2,35";"0,05";"-";"0,39";"0,34";"0,02";"0,03";"0,06";"0,05";"0,00";"0,00";"0,06";"0,06";"0,00";"0,00";"0,02";"0,01";"0,00";"0,00";"0,00";"0,00";"0,00";"0,00";"0,00";"0,00";"0,00";"0,00";"0,03";"0,02";"0,00";"0,01"
"UF";"33";"Rio de Janeiro";"5 a 9 anos";"Indígena";"0,00";"0,00";"0,00";"0,00";"0,00";"0,00";"0,00";"-";"0,00";"0,00";"0,00";"0,00";"0,00";"0,00";"-";"0,00";"0,00";"0,00";"0,00";"0,00";"0,00";"0,00";"0,00";"0,00";"-";"-";"-";"-";"-";"-";"-";"-";"0,00";"0,00";"0,00";"-"
"UF";"33";"Rio de Janeiro";"10 a 14 anos";"Total";"6,03";"5,80";"0,15";"0,08";"4,98";"4,89";"0,09";"-";"0,71";"0,63";"0,04";"0,05";"0,11";"0,09";"0,01";"0,01";"0,13";"0,13";"0,00";"0,00";"0,04";"0,03";"0,00";"0,01";"0,00";"0,00";"0,00";"0,00";"0,01";"0,01";"0,00";"0,00";"0,05";"0,03";"0,01";"0,01"
"UF";"33";"Rio de Janeiro";"10 a 14 anos";"Branca";"2,28";"2,22";"0,04";"0,02";"1,94";"1,91";"0,02";"-";"0,23";"0,21";"0,01";"0,01";"0,03";"0,03";"0,00";"0,00";"0,06";"0,06";"0,00";"0,00";"0,01";"0,01";"0,00";"0,00";"0,00";"0,00";"0,00";"0,00";"0,00";"0,00";"0,00";"0,00";"0,01";"0,01";"0,00";"0,00"
"UF";"33";"Rio de Janeiro";"10 a 14 anos";"Preta";"0,88";"0,84";"0,03";"0,01";"0,73";"0,71";"0,02";"-";"0,10";"0,09";"0,01";"0,01";"0,02";"0,01";"0,00";"0,00";"0,02";"0,01";"0,00";"0,00";"0,01";"0,00";"0,00";"0,00";"0,00";"0,00";"0,00";"0,00";"0,00";"0,00";"0,00";"0,00";"0,01";"0,01";"0,00";"0,00"
"UF";"33";"Rio de Janeiro";"10 a 14 anos";"Amarela";"0,01";"0,01";"0,00";"0,00";"0,01";"0,01";"0,00";"-";"0,00";"0,00";"0,00";"0,00";"0,00";"0,00";"0,00";"0,00";"0,00";"0,00";"-";"0,00";"0,00";"0,00";"-";"-";"0,00";"0,00";"-";"-";"-";"-";"-";"-";"0,00";"0,00";"0,00";"0,00"
"UF";"33";"Rio de Janeiro";"10 a 14 anos";"Parda";"2,86";"2,73";"0,08";"0,04";"2,31";"2,26";"0,05";"-";"0,38";"0,33";"0,02";"0,03";"0,06";"0,05";"0,00";"0,00";"0,06";"0,06";"0,00";"0,00";"0,02";"0,01";"0,00";"0,00";"0,00";"0,00";"0,00";"0,00";"0,00";"0,00";"0,00";"0,00";"0,03";"0,02";"0,00";"0,01"
"UF";"33";"Rio de Janeiro";"10 a 14 anos";"Indígena";"0,00";"0,00";"0,00";"0,00";"0,00";"0,00";"0,00";"-";"0,00";"0,00";"0,00";"0,00";"0,00";"0,00";"-";"0,00";"0,00";"0,00";"0,00";"0,00";"0,00";"0,00";"0,00";"0,00";"-";"-";"-";"-";"-";"-";"-";"-";"0,00";"0,00";"0,00";"-"
"UF";"33";"Rio de Janeiro";"15 a 19 anos";"Total";"6,31";"6,08";"0,15";"0,08";"5,22";"5,13";"0,10";"-";"0,74";"0,65";"0,04";"0,05";"0,11";"0,10";"0,01";"0,01";"0,14";"0,13";"0,00";"0,00";"0,04";"0,03";"0,00";"0,01";"0,00";"0,00";"0,00";"0,00";"0,01";"0,01";"0,00";"0,00";"0,05";"0,03";"0,00";"0,01"
"UF";"33";"Rio de Janeiro";"15 a 19 anos";"Branca";"2,37";"2,31";"0,04";"0,02";"2,01";"1,99";"0,03";"-";"0,24";"0,21";"0,01";"0,01";"0,04";"0,03";"0,00";"0,00";"0,06";"0,06";"0,00";"0,00";"0,01";"0,01";"0,00";"0,00";"0,00";"0,00";"0,00";"0,00";"0,00";"0,00";"0,00";"0,00";"0,01";"0,01";"0,00";"0,00"
"UF";"33";"Rio de Janeiro";"15 a 19 anos";"Preta";"1,06";"1,01";"0,03";"0,02";"0,88";"0,86";"0,02";"-";"0,13";"0,11";"0,01";"0,01";"0,02";"0,02";"0,00";"0,00";"0,02";"0,02";"0,00";"0,00";"0,01";"0,00";"0,00";"0,00";"0,00";"0,00";"0,00";"0,00";"0,00";"0,00";"0,00";"0,00";"0,01";"0,01";"0,00";"0,00"
"UF";"33";"Rio de Janeiro";"15 a 19 anos";"Amarela";"0,01";"0,01";"0,00";"0,00";"0,01";"0,01";"0,00";"-";"0,00";"0,00";"0,00";"0,00";"0,00";"0,00";"-";"0,00";"0,00";"0,00";"0,00";"-";"0,00";"0,00";"-";"-";"-";"-";"-";"-";"0,00";"0,00";"-";"-";"0,00";"0,00";"-";"0,00"
"UF";"33";"Rio de Janeiro";"15 a 19 anos";"Parda";"2,87";"2,75";"0,08";"0,04";"2,32";"2,27";"0,05";"-";"0,38";"0,33";"0,02";"0,03";"0,06";"0,05";"0,00";"0,00";"0,06";"0,06";"0,00";"0,00";"0,02";"0,01";"0,00";"0,00";"0,00";"0,00";"0,00";"0,00";"0,00";"0,00";"0,00";"0,00";"0,03";"0,02";"0,00";"0,01"
"UF";"33";"Rio de Janeiro";"15 a 19 anos";"Indígena";"0,00";"0,00";"0,00";"0,00";"0,00";"0,00";"0,00";"-";"0,00";"0,00";"0,00";"0,00";"0,00";"0,00";"0,00";"0,00";"0,00";"0,00";"0,00";"0,00";"0,00";"0,00";"0,00";"0,00";"-";"-";"-";"-";"-";"-";"-";"-";"0,00";"0,00";"0,00";"0,00"
"UF";"33";"Rio de Janeiro";"20 a 24 anos";"Total";"7,13";"6,88";"0,17";"0,09";"5,96";"5,86";"0,10";"-";"0,80";"0,70";"0,04";"0,05";"0,12";"0,10";"0,01";"0,01";"0,14";"0,14";"0,00";"0,00";"0,04";"0,03";"0,00";"0,01";"0,00";"0,00";"0,00";"0,00";"0,01";"0,01";"0,00";"0,00";"0,06";"0,04";"0,01";"0,01"
"UF";"33";"Rio de Janeiro";"20 a 24 anos";"Branca";"2,72";"2,65";"0,05";"0,02";"2,33";"2,30";"0,03";"-";"0,26";"0,23";"0,01";"0,01";"0,04";"0,03";"0,00";"0,00";"0,06";"0,06";"0,00";"0,00";"0,01";"0,01";"0,00";"0,00";"0,00";"0,00";"0,00";"0,00";"0,00";"0,00";"0,00";"0,00";"0,01";"0,01";"0,00";"0,00"
"UF";"33";"Rio de Janeiro";"20 a 24 anos";"Preta";"1,31";"1,25";"0,04";"0,02";"1,09";"1,07";"0,02";"-";"0,15";"0,13";"0,01";"0,01";"0,02";"0,02";"0,00";"0,00";"0,02";"0,02";"0,00";"0,00";"0,01";"0,01";"0,00";"0,00";"0,00";"0,00";"0,00";"0,00";"0,00";"0,00";"0,00";"0,00";"0,01";"0,01";"0,00";"0,00"
"UF";"33";"Rio de Janeiro";"20 a 24 anos";"Amarela";"0,01";"0,01";"0,00";"0,00";"0,01";"0,01";"0,00";"-";"0,00";"0,00";"0,00";"0,00";"0,00";"0,00";"-";"0,00";"0,00";"0,00";"-";"-";"0,00";"0,00";"-";"0,00";"0,00";"0,00";"-";"0,00";"-";"-";"-";"-";"0,00";"0,00";"-";"0,00"
"UF";"33";"Rio de Janeiro";"20 a 24 anos";"Parda";"3,09";"2,97";"0,08";"0,04";"2,53";"2,48";"0,05";"-";"0,39";"0,34";"0,02";"0,03";"0,06";"0,05";"0,00";"0,00";"0,06";"0,06";"0,00";"0,00";"0,02";"0,01";"0,00";"0,00";"0,00";"0,00";"0,00";"0,00";"0,00";"0,00";"0,00";"0,00";"0,03";"0,02";"0,00";"0,01"
"UF";"33";"Rio de Janeiro";"20 a 24 anos";"Indígena";"0,01";"0,01";"0,00";"0,00";"0,00";"0,00";"0,00";"-";"0,00";"0,00";"0,00";"0,00";"0,00";"0,00";"0,00";"0,00";"0,00";"0,00";"0,00";"0,00";"0,00";"0,00";"0,00";"0,00";"0,00";"-";"-";"0,00";"0,00";"0,00";"-";"0,00";"0,00";"0,00";"0,00";"0,00"
"UF";"33";"Rio de Janeiro";"25 a 29 anos";"Total";"7,20";"6,96";"0,16";"0,08";"6,06";"5,97";"0,10";"-";"0,78";"0,68";"0,04";"0,05";"0,11";"0,10";"0,01";"0,01";"0,14";"0,14";"0,00";"0,00";"0,04";"0,03";"0,00";"0,01";"0,00";"0,00";"0,00";"0,00";"0,01";"0,01";"0,00";"0,00";"0,05";"0,03";"0,01";"0,01"
"UF";"33";"Rio de Janeiro";"25 a 29 anos";"Branca";"2,77";"2,70";"0,04";"0,02";"2,40";"2,37";"0,03";"-";"0,24";"0,22";"0,01";"0,01";"0,04";"0,03";"0,00";"0,00";"0,06";"0,06";"0,00";"0,00";"0,01";"0,01";"0,00";"0,00";"0,00";"0,00";"0,00";"0,00";"0,00";"0,00";"0,00";"0,00";"0,01";"0,01";"0,00";"0,00"
"UF";"33";"Rio de Janeiro";"25 a 29 anos";"Preta";"1,35";"1,29";"0,04";"0,02";"1,12";"1,10";"0,02";"-";"0,16";"0,13";"0,01";"0,01";"0,02";"0,02";"0,00";"0,00";"0,02";"0,02";"0,00";"0,00";"0,01";"0,01";"0,00";"0,00";"0,00";"0,00";"0,00";"0,00";"0,00";"0,00";"0,00";"0,00";"0,01";"0,01";"0,00";"0,00"
"UF";"33";"Rio de Janeiro";"25 a 29 anos";"Amarela";"0,01";"0,01";"0,00";"0,00";"0,01";"0,01";"0,00";"-";"0,00";"0,00";"0,00";"0,00";"0,00";"0,00";"0,00";"0,00";"0,00";"0,00";"-";"-";"0,00";"0,00";"0,00";"0,00";"-";"-";"-";"-";"0,00";"0,00";"-";"-";"0,00";"0,00";"-";"0,00"
"UF";"33";"Rio de Janeiro";"25 a 29 anos";"Parda";"3,07";"2,95";"0,08";"0,04";"2,53";"2,48";"0,05";"-";"0,38";"0,33";"0,02";"0,03";"0,06";"0,05";"0,00";"0,00";"0,06";"0,06";"0,00";"0,00";"0,02";"0,01";"0,00";"0,00";"0,00";"0,00";"0,00";"0,00";"0,00";"0,00";"0,00";"0,00";"0,03";"0,02";"0,00";"0,01"
"UF";"33";"Rio de Janeiro";"25 a 29 anos";"Indígena";"0,01";"0,01";"0,00";"0,00";"0,01";"0,01";"0,00";"-";"0,00";"0,00";"0,00";"0,00";"0,00";"0,00";"-";"0,00";"0,00";"0,00";"0,00";"0,00";"0,00";"0,00";"0,00";"0,00";"-";"-";"-";"-";"0,00";"0,00";"-";"-";"0,00";"0,00";"-";"0,00"
"UF";"33";"Rio de Janeiro";"30 a 34 anos";"Total";"7,22";"6,99";"0,15";"0,08";"6,12";"6,02";"0,09";"-";"0,75";"0,66";"0,04";"0,05";"0,11";"0,10";"0,01";"0,01";"0,14";"0,14";"0,00";"0,00";"0,04";"0,03";"0,00";"0,01";"0,00";"0,00";"0,00";"0,00";"0,01";"0,01";"0,00";"0,00";"0,05";"0,03";"0,00";"0,01"
"UF";"33";"Rio de Janeiro";"30 a 34 anos";"Branca";"2,84";"2,78";"0,04";"0,02";"2,48";"2,45";"0,03";"-";"0,24";"0,21";"0,01";"0,01";"0,04";"0,03";"0,00";"0,00";"0,06";"0,06";"0,00";"0,00";"0,01";"0,01";"0,00";"0,00";"0,00";"0,00";"0,00";"0,00";"0,00";"0,00";"0,00";"0,00";"0,01";"0,01";"0,00";"0,00"
"UF";"33";"Rio de Janeiro";"30 a 34 anos";"Preta";"1,31";"1,26";"0,03";"0,02";"1,10";"1,08";"0,02";"-";"0,15";"0,13";"0,01";"0,01";"0,02";"0,02";"0,00";"0,00";"0,02";"0,02";"0,00";"0,00";"0,01";"0,01";"0,00";"0,00";"0,00";"0,00";"0,00";"0,00";"0,00";"0,00";"0,00";"0,00";"0,01";"0,01";"0,00";"0,00"
"UF";"33";"Rio de Janeiro";"30 a 34 anos";"Amarela";"0,01";"0,01";"0,00";"0,00";"0,01";"0,01";"0,00";"-";"0,00";"0,00";"0,00";"0,00";"0,00";"0,00";"-";"0,00";"0,00";"0,00";"0,00";"0,00";"0,00";"0,00";"-";"0,00";"-";"-";"-";"-";"0,00";"0,00";"-";"-";"0,00";"0,00";"0,00";"-"
"UF";"33";"Rio de Janeiro";"30 a 34 anos";"Parda";"3,05";"2,94";"0,08";"0,04";"2,53";"2,48";"0,05";"-";"0,37";"0,32";"0,02";"0,02";"0,05";"0,05";"0,00";"0,00";"0,06";"0,05";"0,00";"0,00";"0,02";"0,01";"0,00";"0,00";"0,00";"0,00";"0,00";"0,00";"0,00";"0,00";"0,00";"0,00";"0,02";"0,02";"0,00";"0,01"
"UF";"33";"Rio de Janeiro";"30 a 34 anos";"Indígena";"0,01";"0,01";"0,00";"0,00";"0,01";"0,01";"0,00";"-";"0,00";"0,00";"0,00";"0,00";"0,00";"0,00";"0,00";"0,00";"0,00";"0,00";"0,00";"0,00";"0,00";"0,00";"0,00";"0,00";"-";"-";"-";"-";"0,00";"0,00";"-";"-";"0,00";"0,00";"0,00";"-"
"UF";"33";"Rio de Janeiro";"35 a 39 anos";"Total";"7,56";"7,33";"0,15";"0,08";"6,41";"6,31";"0,09";"-";"0,79";"0,70";"0,04";"0,05";"0,11";"0,10";"0,01";"0,01";"0,15";"0,14";"0,00";"0,00";"0,04";"0,03";"0,00";"0,01";"0,00";"0,00";"0,00";"0,00";"0,01";"0,01";"0,00";"0,00";"0,05";"0,03";"0,00";"0,01"
"UF";"33";"Rio de Janeiro";"35 a 39 anos";"Branca";"3,02";"2,95";"0,04";"0,02";"2,63";"2,60";"0,03";"-";"0,25";"0,23";"0,01";"0,01";"0,04";"0,03";"0,00";"0,00";"0,07";"0,06";"0,00";"0,00";"0,01";"0,01";"0,00";"0,00";"0,00";"0,00";"0,00";"0,00";"0,00";"0,00";"0,00";"0,00";"0,01";"0,01";"0,00";"0,00"
"UF";"33";"Rio de Janeiro";"35 a 39 anos";"Preta";"1,34";"1,29";"0,03";"0,02";"1,12";"1,10";"0,02";"-";"0,15";"0,13";"0,01";"0,01";"0,02";"0,02";"0,00";"0,00";"0,02";"0,02";"0,00";"0,00";"0,01";"0,01";"0,00";"0,00";"0,00";"0,00";"0,00";"0,00";"0,00";"0,00";"0,00";"0,00";"0,01";"0,01";"0,00";"0,00"
"UF";"33";"Rio de Janeiro";"35 a 39 anos";"Amarela";"0,01";"0,01";"0,00";"0,00";"0,01";"0,01";"0,00";"-";"0,00";"0,00";"0,00";"0,00";"0,00";"0,00";"0,00";"-";"0,00";"0,00";"0,00";"0,00";"0,00";"0,00";"-";"-";"-";"-";"-";"-";"0,00";"0,00";"-";"-";"0,00";"0,00";"0,00";"-"
"UF";"33";"Rio de Janeiro";"35 a 39 anos";"Parda";"3,18";"3,07";"0,08";"0,04";"2,64";"2,59";"0,05";"-";"0,39";"0,34";"0,02";"0,03";"0,05";"0,05";"0,00";"0,00";"0,06";"0,06";"0,00";"0,00";"0,02";"0,02";"0,00";"0,00";"0,00";"0,00";"0,00";"0,00";"0,00";"0,00";"0,00";"0,00";"0,02";"0,02";"0,00";"0,01"
"UF";"33";"Rio de Janeiro";"35 a 39 anos";"Indígena";"0,01";"0,01";"0,00";"0,00";"0,01";"0,01";"0,00";"-";"0,00";"0,00";"0,00";"0,00";"0,00";"0,00";"-";"0,00";"0,00";"0,00";"0,00";"0,00";"0,00";"0,00";"0,00";"0,00";"0,00";"-";"0,00";"-";"0,00";"0,00";"-";"-";"0,00";"0,00";"0,00";"0,00"
"UF";"33";"Rio de Janeiro";"40 a 44 anos";"Total";"8,06";"7,80";"0,16";"0,09";"6,80";"6,70";"0,10";"-";"0,86";"0,76";"0,04";"0,06";"0,12";"0,11";"0,01";"0,01";"0,16";"0,16";"0,00";"0,00";"0,04";"0,03";"0,00";"0,01";"0,00";"0,00";"0,00";"0,00";"0,01";"0,01";"0,00";"0,00";"0,05";"0,03";"0,00";"0,01"
"UF";"33";"Rio de Janeiro";"40 a 44 anos";"Branca";"3,27";"3,19";"0,05";"0,02";"2,84";"2,81";"0,03";"-";"0,28";"0,25";"0,01";"0,02";"0,04";"0,04";"0,00";"0,00";"0,08";"0,07";"0,00";"0,00";"0,01";"0,01";"0,00";"0,00";"0,00";"0,00";"0,00";"0,00";"0,00";"0,00";"0,00";"0,00";"0,01";"0,01";"0,00";"0,00"
"UF";"33";"Rio de Janeiro";"40 a 44 anos";"Preta";"1,40";"1,34";"0,04";"0,02";"1,17";"1,14";"0,02";"-";"0,16";"0,14";"0,01";"0,01";"0,02";"0,02";"0,00";"0,00";"0,02";"0,02";"0,00";"0,00";"0,01";"0,01";"0,00";"0,00";"0,00";"0,00";"0,00";"0,00";"0,00";"0,00";"0,00";"0,00";"0,01";"0,01";"0,00";"0,00"
"UF";"33";"Rio de Janeiro";"40 a 44 anos";"Amarela";"0,01";"0,01";"0,00";"0,00";"0,01";"0,01";"0,00";"-";"0,00";"0,00";"0,00";"0,00";"0,00";"0,00";"0,00";"0,00";"0,00";"0,00";"0,00";"0,00";"0,00";"0,00";"0,00";"0,00";"0,00";"0,00";"-";"0,00";"0,00";"0,00";"-";"-";"0,00";"0,00";"-";"0,00"
"UF";"33";"Rio de Janeiro";"40 a 44 anos";"Parda";"3,37";"3,24";"0,08";"0,04";"2,78";"2,73";"0,05";"-";"0,42";"0,37";"0,02";"0,03";"0,06";"0,05";"0,00";"0,00";"0,06";"0,06";"0,00";"0,00";"0,02";"0,02";"0,00";"0,00";"0,00";"0,00";"0,00";"0,00";"0,00";"0,00";"0,00";"0,00";"0,03";"0,02";"0,00";"0,01"
"UF";"33";"Rio de Janeiro";"40 a 44 anos";"Indígena";"0,01";"0,01";"0,00";"0,00";"0,01";"0,01";"0,00";"-";"0,00";"0,00";"0,00";"0,00";"0,00";"0,00";"0,00";"0,00";"0,00";"0,00";"0,00";"-";"0,00";"0,00";"0,00";"0,00";"-";"-";"-";"-";"-";"-";"-";"-";"0,00";"0,00";"-";"0,00"
"UF";"33";"Rio de Janeiro";"45 a 49 anos";"Total";"6,91";"6,69";"0,14";"0,08";"5,80";"5,71";"0,09";"-";"0,76";"0,67";"0,04";"0,05";"0,11";"0,10";"0,01";"0,01";"0,15";"0,14";"0,00";"0,00";"0,04";"0,03";"0,00";"0,01";"0,00";"0,00";"0,00";"0,00";"0,01";"0,01";"0,00";"0,00";"0,04";"0,03";"0,00";"0,01"
"UF";"33";"Rio de Janeiro";"45 a 49 anos";"Branca";"2,83";"2,76";"0,04";"0,02";"2,44";"2,42";"0,02";"-";"0,25";"0,22";"0,01";"0,01";"0,04";"0,03";"0,00";"0,00";"0,07";"0,07";"0,00";"0,00";"0,01";"0,01";"0,00";"0,00";"0,00";"0,00";"0,00";"0,00";"0,00";"0,00";"0,00";"0,00";"0,01";"0,01";"0,00";"0,00"
"UF";"33";"Rio de Janeiro";"45 a 49 anos";"Preta";"1,18";"1,13";"0,03";"0,02";"0,98";"0,96";"0,02";"-";"0,14";"0,12";"0,01";"0,01";"0,02";"0,02";"0,00";"0,00";"0,02";"0,02";"0,00";"0,00";"0,01";"0,01";"0,00";"0,00";"0,00";"0,00";"0,00";"0,00";"0,00";"0,00";"0,00";"0,00";"0,01";"0,01";"0,00";"0,00"
"UF";"33";"Rio de Janeiro";"45 a 49 anos";"Amarela";"0,01";"0,01";"0,00";"0,00";"0,01";"0,01";"0,00";"-";"0,00";"0,00";"0,00";"0,00";"0,00";"0,00";"-";"0,00";"0,00";"0,00";"0,00";"-";"0,00";"0,00";"-";"-";"0,00";"-";"-";"0,00";"0,00";"0,00";"-";"-";"0,00";"0,00";"-";"0,00"
"UF";"33";"Rio de Janeiro";"45 a 49 anos";"Parda";"2,89";"2,78";"0,07";"0,04";"2,36";"2,32";"0,04";"-";"0,37";"0,32";"0,02";"0,02";"0,05";"0,05";"0,00";"0,00";"0,06";"0,06";"0,00";"0,00";"0,02";"0,01";"0,00";"0,00";"0,00";"0,00";"0,00";"0,00";"0,00";"0,00";"0,00";"0,00";"0,02";"0,01";"0,00";"0,01"
"UF";"33";"Rio de Janeiro";"45 a 49 anos";"Indígena";"0,01";"0,01";"0,00";"0,00";"0,01";"0,01";"0,00";"-";"0,00";"0,00";"0,00";"0,00";"0,00";"0,00";"0,00";"0,00";"0,00";"0,00";"0,00";"0,00";"0,00";"0,00";"0,00";"-";"0,00";"0,00";"-";"-";"0,00";"0,00";"-";"-";"0,00";"0,00";"0,00";"0,00"
"UF";"33";"Rio de Janeiro";"50 a 54 anos";"Total";"6,63";"6,42";"0,14";"0,08";"5,54";"5,46";"0,08";"-";"0,73";"0,65";"0,04";"0,05";"0,12";"0,10";"0,01";"0,01";"0,15";"0,15";"0,00";"0,00";"0,03";"0,03";"0,00";"0,01";"0,00";"0,00";"0,00";"0,00";"0,01";"0,01";"0,00";"0,00";"0,04";"0,03";"0,00";"0,01"
"UF";"33";"Rio de Janeiro";"50 a 54 anos";"Branca";"2,78";"2,72";"0,04";"0,02";"2,39";"2,37";"0,02";"-";"0,25";"0,22";"0,01";"0,01";"0,04";"0,04";"0,00";"0,00";"0,07";"0,07";"0,00";"0,00";"0,01";"0,01";"0,00";"0,00";"0,00";"0,00";"0,00";"0,00";"0,00";"0,00";"0,00";"0,00";"0,01";"0,01";"0,00";"0,00"
"UF";"33";"Rio de Janeiro";"50 a 54 anos";"Preta";"1,11";"1,06";"0,03";"0,02";"0,91";"0,90";"0,02";"-";"0,13";"0,12";"0,01";"0,01";"0,02";"0,02";"0,00";"0,00";"0,02";"0,02";"0,00";"0,00";"0,01";"0,00";"0,00";"0,00";"0,00";"0,00";"0,00";"0,00";"0,00";"0,00";"0,00";"0,00";"0,01";"0,01";"0,00";"0,00"
"UF";"33";"Rio de Janeiro";"50 a 54 anos";"Amarela";"0,01";"0,01";"0,00";"0,00";"0,01";"0,01";"0,00";"-";"0,00";"0,00";"0,00";"0,00";"0,00";"0,00";"0,00";"0,00";"0,00";"0,00";"0,00";"-";"0,00";"0,00";"-";"-";"-";"-";"-";"-";"-";"-";"-";"-";"0,00";"0,00";"-";"0,00"
"UF";"33";"Rio de Janeiro";"50 a 54 anos";"Parda";"2,73";"2,62";"0,07";"0,04";"2,22";"2,18";"0,04";"-";"0,35";"0,31";"0,02";"0,02";"0,06";"0,05";"0,00";"0,00";"0,06";"0,05";"0,00";"0,00";"0,02";"0,01";"0,00";"0,00";"0,00";"0,00";"0,00";"0,00";"0,00";"0,00";"0,00";"0,00";"0,02";"0,01";"0,00";"0,01"
"UF";"33";"Rio de Janeiro";"50 a 54 anos";"Indígena";"0,01";"0,01";"0,00";"0,00";"0,01";"0,01";"0,00";"-";"0,00";"0,00";"0,00";"0,00";"0,00";"0,00";"0,00";"0,00";"0,00";"0,00";"0,00";"0,00";"0,00";"0,00";"-";"0,00";"0,00";"0,00";"0,00";"0,00";"0,00";"0,00";"-";"-";"0,00";"0,00";"-";"0,00"
"UF";"33";"Rio de Janeiro";"55 a 59 anos";"Total";"6,30";"6,11";"0,13";"0,07";"5,30";"5,22";"0,08";"-";"0,66";"0,59";"0,04";"0,04";"0,11";"0,10";"0,01";"0,01";"0,15";"0,14";"0,00";"0,00";"0,03";"0,02";"0,00";"0,01";"0,00";"0,00";"0,00";"0,00";"0,01";"0,01";"0,00";"0,00";"0,04";"0,02";"0,00";"0,01"
"UF";"33";"Rio de Janeiro";"55 a 59 anos";"Branca";"2,79";"2,73";"0,04";"0,02";"2,42";"2,39";"0,02";"-";"0,24";"0,21";"0,01";"0,01";"0,04";"0,04";"0,00";"0,00";"0,07";"0,07";"0,00";"0,00";"0,01";"0,01";"0,00";"0,00";"0,00";"0,00";"0,00";"0,00";"0,00";"0,00";"0,00";"0,00";"0,01";"0,01";"0,00";"0,00"
"UF";"33";"Rio de Janeiro";"55 a 59 anos";"Preta";"0,99";"0,95";"0,03";"0,01";"0,82";"0,81";"0,02";"-";"0,12";"0,10";"0,01";"0,01";"0,02";"0,02";"0,00";"0,00";"0,02";"0,02";"0,00";"0,00";"0,01";"0,00";"0,00";"0,00";"0,00";"0,00";"0,00";"0,00";"0,00";"0,00";"0,00";"0,00";"0,01";"0,00";"0,00";"0,00"
"UF";"33";"Rio de Janeiro";"55 a 59 anos";"Amarela";"0,01";"0,01";"0,00";"0,00";"0,01";"0,01";"0,00";"-";"0,00";"0,00";"0,00";"0,00";"0,00";"0,00";"-";"0,00";"0,00";"0,00";"-";"-";"0,00";"0,00";"-";"0,00";"-";"-";"-";"-";"-";"-";"-";"-";"0,00";"0,00";"-";"0,00"
"UF";"33";"Rio de Janeiro";"55 a 59 anos";"Parda";"2,50";"2,41";"0,06";"0,03";"2,05";"2,01";"0,04";"-";"0,31";"0,27";"0,02";"0,02";"0,05";"0,04";"0,00";"0,00";"0,05";"0,05";"0,00";"0,00";"0,01";"0,01";"0,00";"0,00";"0,00";"0,00";"0,00";"0,00";"0,00";"0,00";"0,00";"0,00";"0,02";"0,01";"0,00";"0,01"
"UF";"33";"Rio de Janeiro";"55 a 59 anos";"Indígena";"0,01";"0,01";"0,00";"0,00";"0,01";"0,01";"0,00";"-";"0,00";"0,00";"0,00";"0,00";"0,00";"0,00";"-";"0,00";"0,00";"0,00";"0,00";"-";"0,00";"0,00";"0,00";"0,00";"0,00";"0,00";"-";"-";"0,00";"0,00";"-";"0,00";"0,00";"0,00";"0,00";"0,00"
"UF";"33";"Rio de Janeiro";"60 a 64 anos";"Total";"5,76";"5,59";"0,11";"0,06";"4,88";"4,81";"0,07";"-";"0,57";"0,51";"0,03";"0,04";"0,10";"0,09";"0,01";"0,01";"0,13";"0,12";"0,00";"0,00";"0,03";"0,02";"0,00";"0,01";"0,00";"0,00";"0,00";"0,00";"0,01";"0,01";"0,00";"0,00";"0,03";"0,02";"0,00";"0,01"
"UF";"33";"Rio de Janeiro";"60 a 64 anos";"Branca";"2,63";"2,57";"0,03";"0,02";"2,29";"2,27";"0,02";"-";"0,21";"0,19";"0,01";"0,01";"0,04";"0,03";"0,00";"0,00";"0,07";"0,06";"0,00";"0,00";"0,01";"0,01";"0,00";"0,00";"0,00";"0,00";"0,00";"0,00";"0,00";"0,00";"0,00";"0,00";"0,01";"0,01";"0,00";"0,00"
"UF";"33";"Rio de Janeiro";"60 a 64 anos";"Preta";"0,88";"0,85";"0,02";"0,01";"0,74";"0,73";"0,01";"-";"0,10";"0,08";"0,01";"0,01";"0,02";"0,01";"0,00";"0,00";"0,02";"0,02";"0,00";"0,00";"0,01";"0,00";"0,00";"0,00";"0,00";"0,00";"0,00";"0,00";"0,00";"0,00";"0,00";"0,00";"0,01";"0,00";"0,00";"0,00"
"UF";"33";"Rio de Janeiro";"60 a 64 anos";"Amarela";"0,01";"0,01";"0,00";"0,00";"0,01";"0,01";"0,00";"-";"0,00";"0,00";"0,00";"0,00";"0,00";"0,00";"0,00";"0,00";"0,00";"0,00";"0,00";"-";"0,00";"0,00";"0,00";"-";"0,00";"0,00";"-";"0,00";"0,00";"0,00";"-";"0,00";"0,00";"0,00";"-";"0,00"
"UF";"33";"Rio de Janeiro";"60 a 64 anos";"Parda";"2,23";"2,15";"0,05";"0,03";"1,84";"1,81";"0,03";"-";"0,27";"0,23";"0,01";"0,02";"0,05";"0,04";"0,00";"0,00";"0,05";"0,04";"0,00";"0,00";"0,01";"0,01";"0,00";"0,00";"0,00";"0,00";"0,00";"0,00";"0,00";"0,00";"0,00";"0,00";"0,02";"0,01";"0,00";"0,00"
"UF";"33";"Rio de Janeiro";"60 a 64 anos";"Indígena";"0,01";"0,01";"0,00";"0,00";"0,01";"0,01";"0,00";"-";"0,00";"0,00";"0,00";"0,00";"0,00";"0,00";"0,00";"0,00";"0,00";"0,00";"0,00";"0,00";"0,00";"0,00";"0,00";"0,00";"0,00";"0,00";"-";"-";"0,00";"0,00";"-";"-";"0,00";"0,00";"-";"0,00"
"UF";"33";"Rio de Janeiro";"65 a 69 anos";"Total";"4,71";"4,58";"0,09";"0,05";"4,02";"3,97";"0,05";"-";"0,45";"0,40";"0,02";"0,03";"0,08";"0,07";"0,00";"0,00";"0,10";"0,10";"0,00";"0,00";"0,02";"0,02";"0,00";"0,00";"0,00";"0,00";"0,00";"0,00";"0,01";"0,01";"0,00";"0,00";"0,03";"0,02";"0,00";"0,01"
"UF";"33";"Rio de Janeiro";"65 a 69 anos";"Branca";"2,24";"2,20";"0,03";"0,02";"1,96";"1,95";"0,02";"-";"0,17";"0,15";"0,01";"0,01";"0,03";"0,03";"0,00";"0,00";"0,06";"0,05";"0,00";"0,00";"0,01";"0,01";"0,00";"0,00";"0,00";"0,00";"0,00";"0,00";"0,00";"0,00";"0,00";"0,00";"0,01";"0,00";"0,00";"0,00"
"UF";"33";"Rio de Janeiro";"65 a 69 anos";"Preta";"0,71";"0,68";"0,02";"0,01";"0,60";"0,59";"0,01";"-";"0,08";"0,07";"0,00";"0,01";"0,01";"0,01";"0,00";"0,00";"0,01";"0,01";"0,00";"0,00";"0,00";"0,00";"0,00";"0,00";"0,00";"0,00";"0,00";"0,00";"0,00";"0,00";"0,00";"0,00";"0,01";"0,00";"0,00";"0,00"
"UF";"33";"Rio de Janeiro";"65 a 69 anos";"Amarela";"0,01";"0,01";"0,00";"0,00";"0,01";"0,01";"0,00";"-";"0,00";"0,00";"0,00";"0,00";"0,00";"0,00";"0,00";"-";"0,00";"0,00";"0,00";"-";"0,00";"-";"-";"0,00";"0,00";"-";"-";"0,00";"0,00";"0,00";"-";"-";"0,00";"0,00";"-";"-"
"UF";"33";"Rio de Janeiro";"65 a 69 anos";"Parda";"1,75";"1,69";"0,04";"0,02";"1,45";"1,43";"0,02";"-";"0,20";"0,18";"0,01";"0,01";"0,03";"0,03";"0,00";"0,00";"0,04";"0,03";"0,00";"0,00";"0,01";"0,01";"0,00";"0,00";"0,00";"0,00";"0,00";"0,00";"0,00";"0,00";"0,00";"0,00";"0,01";"0,01";"0,00";"0,00"
"UF";"33";"Rio de Janeiro";"65 a 69 anos";"Indígena";"0,01";"0,01";"0,00";"0,00";"0,01";"0,01";"0,00";"-";"0,00";"0,00";"0,00";"0,00";"0,00";"0,00";"0,00";"0,00";"0,00";"0,00";"0,00";"0,00";"0,00";"0,00";"-";"0,00";"0,00";"-";"-";"0,00";"0,00";"-";"-";"0,00";"0,00";"0,00";"-";"0,00"
"UF";"33";"Rio de Janeiro";"70 a 74 anos";"Total";"3,49";"3,40";"0,06";"0,03";"3,00";"2,97";"0,03";"-";"0,32";"0,28";"0,02";"0,02";"0,06";"0,05";"0,00";"0,00";"0,07";"0,07";"0,00";"0,00";"0,01";"0,01";"0,00";"0,00";"0,00";"0,00";"0,00";"0,00";"0,00";"0,00";"0,00";"0,00";"0,02";"0,01";"0,00";"0,00"
"UF";"33";"Rio de Janeiro";"70 a 74 anos";"Branca";"1,78";"1,75";"0,02";"0,01";"1,57";"1,56";"0,01";"-";"0,13";"0,12";"0,01";"0,01";"0,02";"0,02";"0,00";"0,00";"0,04";"0,04";"0,00";"0,00";"0,01";"0,00";"0,00";"0,00";"0,00";"0,00";"0,00";"0,00";"0,00";"0,00";"0,00";"0,00";"0,00";"0,00";"0,00";"0,00"
"UF";"33";"Rio de Janeiro";"70 a 74 anos";"Preta";"0,49";"0,48";"0,01";"0,01";"0,42";"0,41";"0,01";"-";"0,05";"0,04";"0,00";"0,00";"0,01";"0,01";"0,00";"0,00";"0,01";"0,01";"0,00";"0,00";"0,00";"0,00";"0,00";"0,00";"0,00";"0,00";"0,00";"0,00";"0,00";"0,00";"0,00";"0,00";"0,00";"0,00";"0,00";"0,00"
"UF";"33";"Rio de Janeiro";"70 a 74 anos";"Amarela";"0,01";"0,01";"0,00";"0,00";"0,01";"0,01";"0,00";"-";"0,00";"0,00";"0,00";"0,00";"0,00";"0,00";"0,00";"0,00";"0,00";"0,00";"0,00";"-";"0,00";"-";"0,00";"-";"-";"-";"-";"-";"0,00";"0,00";"-";"-";"0,00";"0,00";"0,00";"-"
"UF";"33";"Rio de Janeiro";"70 a 74 anos";"Parda";"1,20";"1,16";"0,03";"0,01";"1,00";"0,99";"0,01";"-";"0,13";"0,12";"0,01";"0,01";"0,02";"0,02";"0,00";"0,00";"0,02";"0,02";"0,00";"0,00";"0,01";"0,00";"0,00";"0,00";"0,00";"0,00";"0,00";"0,00";"0,00";"0,00";"0,00";"0,00";"0,01";"0,00";"0,00";"0,00"
"UF";"33";"Rio de Janeiro";"70 a 74 anos";"Indígena";"0,00";"0,00";"0,00";"0,00";"0,00";"0,00";"0,00";"-";"0,00";"0,00";"-";"0,00";"0,00";"0,00";"-";"0,00";"0,00";"0,00";"-";"0,00";"0,00";"0,00";"-";"-";"-";"-";"-";"-";"0,00";"0,00";"-";"-";"0,00";"0,00";"0,00";"0,00"
"UF";"33";"Rio de Janeiro";"75 a 79 anos";"Total";"2,20";"2,15";"0,03";"0,02";"1,91";"1,89";"0,02";"-";"0,19";"0,17";"0,01";"0,01";"0,03";"0,03";"0,00";"0,00";"0,04";"0,04";"0,00";"0,00";"0,01";"0,01";"0,00";"0,00";"0,00";"0,00";"0,00";"0,00";"0,00";"0,00";"0,00";"0,00";"0,01";"0,01";"0,00";"0,00"
"UF";"33";"Rio de Janeiro";"75 a 79 anos";"Branca";"1,21";"1,19";"0,01";"0,01";"1,07";"1,07";"0,01";"-";"0,08";"0,07";"0,00";"0,00";"0,01";"0,01";"0,00";"0,00";"0,03";"0,03";"0,00";"0,00";"0,00";"0,00";"0,00";"0,00";"0,00";"0,00";"0,00";"0,00";"0,00";"0,00";"0,00";"0,00";"0,00";"0,00";"0,00";"0,00"
"UF";"33";"Rio de Janeiro";"75 a 79 anos";"Preta";"0,28";"0,28";"0,01";"0,00";"0,24";"0,24";"0,00";"-";"0,03";"0,03";"0,00";"0,00";"0,01";"0,00";"0,00";"0,00";"0,01";"0,00";"0,00";"0,00";"0,00";"0,00";"0,00";"0,00";"0,00";"0,00";"0,00";"0,00";"0,00";"0,00";"0,00";"0,00";"0,00";"0,00";"0,00";"0,00"
"UF";"33";"Rio de Janeiro";"75 a 79 anos";"Amarela";"0,00";"0,00";"0,00";"0,00";"0,00";"0,00";"0,00";"-";"0,00";"0,00";"0,00";"0,00";"0,00";"0,00";"-";"-";"0,00";"0,00";"-";"-";"0,00";"0,00";"-";"-";"-";"-";"-";"-";"0,00";"0,00";"-";"-";"0,00";"0,00";"-";"-"
"UF";"33";"Rio de Janeiro";"75 a 79 anos";"Parda";"0,70";"0,68";"0,01";"0,01";"0,59";"0,58";"0,01";"-";"0,08";"0,07";"0,00";"0,01";"0,01";"0,01";"0,00";"0,00";"0,01";"0,01";"0,00";"0,00";"0,00";"0,00";"0,00";"0,00";"0,00";"0,00";"0,00";"0,00";"0,00";"0,00";"0,00";"0,00";"0,00";"0,00";"0,00";"0,00"
"UF";"33";"Rio de Janeiro";"75 a 79 anos";"Indígena";"0,00";"0,00";"0,00";"0,00";"0,00";"0,00";"0,00";"-";"0,00";"0,00";"0,00";"0,00";"0,00";"0,00";"0,00";"0,00";"0,00";"0,00";"0,00";"0,00";"0,00";"0,00";"-";"-";"-";"-";"-";"-";"-";"-";"-";"-";"0,00";"0,00";"0,00";"0,00"
"UF";"33";"Rio de Janeiro";"80 a 84 anos";"Total";"1,42";"1,39";"0,02";"0,01";"1,25";"1,24";"0,01";"-";"0,11";"0,10";"0,01";"0,01";"0,02";"0,02";"0,00";"0,00";"0,03";"0,03";"0,00";"0,00";"0,01";"0,00";"0,00";"0,00";"0,00";"0,00";"0,00";"0,00";"0,00";"0,00";"0,00";"0,00";"0,01";"0,00";"0,00";"0,00"
"UF";"33";"Rio de Janeiro";"80 a 84 anos";"Branca";"0,82";"0,81";"0,01";"0,00";"0,74";"0,74";"0,00";"-";"0,05";"0,05";"0,00";"0,00";"0,01";"0,01";"0,00";"0,00";"0,02";"0,02";"0,00";"0,00";"0,00";"0,00";"0,00";"0,00";"0,00";"0,00";"-";"0,00";"0,00";"0,00";"0,00";"0,00";"0,00";"0,00";"0,00";"0,00"
"UF";"33";"Rio de Janeiro";"80 a 84 anos";"Preta";"0,17";"0,17";"0,00";"0,00";"0,15";"0,14";"0,00";"-";"0,02";"0,02";"0,00";"0,00";"0,00";"0,00";"0,00";"0,00";"0,00";"0,00";"0,00";"0,00";"0,00";"0,00";"0,00";"0,00";"0,00";"0,00";"0,00";"0,00";"0,00";"0,00";"-";"0,00";"0,00";"0,00";"0,00";"0,00"
"UF";"33";"Rio de Janeiro";"80 a 84 anos";"Amarela";"0,00";"0,00";"0,00";"0,00";"0,00";"0,00";"0,00";"-";"0,00";"0,00";"0,00";"0,00";"0,00";"0,00";"0,00";"0,00";"0,00";"0,00";"-";"-";"0,00";"0,00";"-";"-";"-";"-";"-";"-";"-";"-";"-";"-";"0,00";"0,00";"-";"-"
"UF";"33";"Rio de Janeiro";"80 a 84 anos";"Parda";"0,42";"0,41";"0,01";"0,00";"0,36";"0,35";"0,00";"-";"0,04";"0,04";"0,00";"0,00";"0,01";"0,01";"0,00";"0,00";"0,01";"0,01";"0,00";"0,00";"0,00";"0,00";"0,00";"0,00";"0,00";"0,00";"0,00";"0,00";"0,00";"0,00";"0,00";"0,00";"0,00";"0,00";"0,00";"0,00"
"UF";"33";"Rio de Janeiro";"80 a 84 anos";"Indígena";"0,00";"0,00";"0,00";"0,00";"0,00";"0,00";"0,00";"-";"0,00";"0,00";"0,00";"0,00";"0,00";"0,00";"0,00";"-";"0,00";"0,00";"0,00";"-";"0,00";"0,00";"-";"-";"-";"-";"-";"-";"-";"-";"-";"-";"0,00";"-";"0,00";"-"
"UF";"33";"Rio de Janeiro";"85 a 89 anos";"Total";"0,79";"0,77";"0,01";"0,00";"0,70";"0,70";"0,01";"-";"0,06";"0,05";"0,00";"0,00";"0,01";"0,01";"0,00";"0,00";"0,01";"0,01";"0,00";"0,00";"0,00";"0,00";"0,00";"0,00";"0,00";"0,00";"0,00";"0,00";"0,00";"0,00";"0,00";"0,00";"0,00";"0,00";"0,00";"0,00"
"UF";"33";"Rio de Janeiro";"85 a 89 anos";"Branca";"0,48";"0,48";"0,00";"0,00";"0,44";"0,44";"0,00";"-";"0,03";"0,02";"0,00";"0,00";"0,01";"0,00";"0,00";"0,00";"0,01";"0,01";"0,00";"0,00";"0,00";"0,00";"0,00";"0,00";"0,00";"0,00";"-";"0,00";"0,00";"0,00";"-";"0,00";"0,00";"0,00";"0,00";"0,00"
"UF";"33";"Rio de Janeiro";"85 a 89 anos";"Preta";"0,09";"0,09";"0,00";"0,00";"0,08";"0,08";"0,00";"-";"0,01";"0,01";"0,00";"0,00";"0,00";"0,00";"0,00";"0,00";"0,00";"0,00";"0,00";"0,00";"0,00";"0,00";"0,00";"0,00";"0,00";"0,00";"0,00";"0,00";"0,00";"0,00";"0,00";"-";"0,00";"0,00";"0,00";"0,00"
"UF";"33";"Rio de Janeiro";"85 a 89 anos";"Amarela";"0,00";"0,00";"0,00";"0,00";"0,00";"0,00";"0,00";"-";"0,00";"0,00";"-";"0,00";"0,00";"0,00";"-";"-";"0,00";"0,00";"-";"-";"-";"-";"-";"-";"-";"-";"-";"-";"-";"-";"-";"-";"-";"-";"-";"-"
"UF";"33";"Rio de Janeiro";"85 a 89 anos";"Parda";"0,21";"0,21";"0,00";"0,00";"0,18";"0,18";"0,00";"-";"0,02";"0,02";"0,00";"0,00";"0,00";"0,00";"0,00";"0,00";"0,00";"0,00";"0,00";"0,00";"0,00";"0,00";"0,00";"0,00";"0,00";"0,00";"-";"0,00";"0,00";"0,00";"-";"0,00";"0,00";"0,00";"0,00";"0,00"
"UF";"33";"Rio de Janeiro";"85 a 89 anos";"Indígena";"0,00";"0,00";"0,00";"0,00";"0,00";"0,00";"-";"-";"0,00";"0,00";"0,00";"0,00";"-";"-";"-";"-";"0,00";"0,00";"0,00";"-";"0,00";"0,00";"-";"0,00";"-";"-";"-";"-";"-";"-";"-";"-";"0,00";"0,00";"-";"0,00"
"UF";"33";"Rio de Janeiro";"90 a 94 anos";"Total";"0,35";"0,35";"0,00";"0,00";"0,32";"0,32";"0,00";"-";"0,02";"0,02";"0,00";"0,00";"0,00";"0,00";"0,00";"0,00";"0,01";"0,01";"0,00";"0,00";"0,00";"0,00";"0,00";"0,00";"0,00";"0,00";"0,00";"0,00";"0,00";"0,00";"-";"0,00";"0,00";"0,00";"0,00";"0,00"
"UF";"33";"Rio de Janeiro";"90 a 94 anos";"Branca";"0,23";"0,22";"0,00";"0,00";"0,21";"0,21";"0,00";"-";"0,01";"0,01";"0,00";"0,00";"0,00";"0,00";"0,00";"0,00";"0,00";"0,00";"0,00";"0,00";"0,00";"0,00";"0,00";"0,00";"0,00";"0,00";"0,00";"0,00";"0,00";"0,00";"-";"-";"0,00";"0,00";"0,00";"0,00"
"UF";"33";"Rio de Janeiro";"90 a 94 anos";"Preta";"0,04";"0,04";"0,00";"0,00";"0,03";"0,03";"0,00";"-";"0,00";"0,00";"0,00";"0,00";"0,00";"0,00";"0,00";"0,00";"0,00";"0,00";"0,00";"-";"0,00";"0,00";"0,00";"0,00";"0,00";"0,00";"0,00";"0,00";"0,00";"0,00";"-";"-";"0,00";"0,00";"-";"0,00"
"UF";"33";"Rio de Janeiro";"90 a 94 anos";"Amarela";"0,00";"0,00";"0,00";"0,00";"0,00";"0,00";"0,00";"-";"0,00";"0,00";"-";"0,00";"0,00";"0,00";"0,00";"-";"0,00";"0,00";"-";"-";"-";"-";"-";"-";"-";"-";"-";"-";"0,00";"0,00";"-";"-";"-";"-";"-";"-"
"UF";"33";"Rio de Janeiro";"90 a 94 anos";"Parda";"0,09";"0,09";"0,00";"0,00";"0,08";"0,07";"0,00";"-";"0,01";"0,01";"0,00";"0,00";"0,00";"0,00";"0,00";"0,00";"0,00";"0,00";"0,00";"0,00";"0,00";"0,00";"0,00";"0,00";"0,00";"0,00";"-";"0,00";"0,00";"0,00";"-";"0,00";"0,00";"0,00";"0,00";"0,00"
"UF";"33";"Rio de Janeiro";"90 a 94 anos";"Indígena";"0,00";"0,00";"0,00";"0,00";"0,00";"0,00";"0,00";"-";"0,00";"0,00";"-";"0,00";"0,00";"0,00";"-";"-";"0,00";"-";"0,00";"0,00";"0,00";"-";"0,00";"-";"-";"-";"-";"-";"-";"-";"-";"-";"-";"-";"-";"-"
"UF";"33";"Rio de Janeiro";"95 a 99 anos";"Total";"0,10";"0,09";"0,00";"0,00";"0,09";"0,09";"0,00";"-";"0,01";"0,01";"0,00";"0,00";"0,00";"0,00";"0,00";"0,00";"0,00";"0,00";"0,00";"0,00";"0,00";"0,00";"0,00";"0,00";"0,00";"0,00";"-";"0,00";"0,00";"0,00";"-";"-";"0,00";"0,00";"0,00";"0,00"
"UF";"33";"Rio de Janeiro";"95 a 99 anos";"Branca";"0,06";"0,06";"0,00";"0,00";"0,06";"0,06";"0,00";"-";"0,00";"0,00";"0,00";"0,00";"0,00";"0,00";"0,00";"0,00";"0,00";"0,00";"0,00";"0,00";"0,00";"0,00";"0,00";"-";"0,00";"0,00";"-";"-";"0,00";"0,00";"-";"-";"0,00";"0,00";"0,00";"0,00"
"UF";"33";"Rio de Janeiro";"95 a 99 anos";"Preta";"0,01";"0,01";"0,00";"0,00";"0,01";"0,01";"0,00";"-";"0,00";"0,00";"0,00";"0,00";"0,00";"0,00";"0,00";"0,00";"0,00";"0,00";"0,00";"0,00";"0,00";"0,00";"0,00";"0,00";"-";"-";"-";"-";"0,00";"0,00";"-";"-";"0,00";"0,00";"-";"0,00"
"UF";"33";"Rio de Janeiro";"95 a 99 anos";"Amarela";"0,00";"0,00";"-";"-";"0,00";"0,00";"-";"-";"0,00";"0,00";"-";"-";"0,00";"0,00";"-";"-";"-";"-";"-";"-";"-";"-";"-";"-";"-";"-";"-";"-";"-";"-";"-";"-";"-";"-";"-";"-"
"UF";"33";"Rio de Janeiro";"95 a 99 anos";"Parda";"0,02";"0,02";"0,00";"0,00";"0,02";"0,02";"0,00";"-";"0,00";"0,00";"0,00";"0,00";"0,00";"0,00";"0,00";"0,00";"0,00";"0,00";"0,00";"0,00";"0,00";"0,00";"-";"0,00";"0,00";"0,00";"-";"0,00";"0,00";"0,00";"-";"-";"0,00";"0,00";"0,00";"0,00"
"UF";"33";"Rio de Janeiro";"95 a 99 anos";"Indígena";"0,00";"0,00";"0,00";"-";"0,00";"0,00";"-";"-";"-";"-";"-";"-";"-";"-";"-";"-";"0,00";"-";"0,00";"-";"0,00";"0,00";"0,00";"-";"0,00";"0,00";"-";"-";"-";"-";"-";"-";"-";"-";"-";"-"
"UF";"33";"Rio de Janeiro";"100 anos ou mais";"Total";"0,02";"0,02";"0,00";"0,00";"0,01";"0,01";"0,00";"-";"0,00";"0,00";"0,00";"0,00";"0,00";"0,00";"0,00";"0,00";"0,00";"0,00";"0,00";"0,00";"0,00";"0,00";"-";"0,00";"-";"-";"-";"-";"0,00";"0,00";"-";"-";"0,00";"0,00";"-";"-"
"UF";"33";"Rio de Janeiro";"100 anos ou mais";"Branca";"0,01";"0,01";"0,00";"0,00";"0,01";"0,01";"0,00";"-";"0,00";"0,00";"0,00";"0,00";"0,00";"0,00";"0,00";"0,00";"0,00";"0,00";"-";"-";"0,00";"0,00";"-";"0,00";"-";"-";"-";"-";"-";"-";"-";"-";"0,00";"0,00";"-";"-"
"UF";"33";"Rio de Janeiro";"100 anos ou mais";"Preta";"0,00";"0,00";"0,00";"0,00";"0,00";"0,00";"0,00";"-";"0,00";"0,00";"-";"0,00";"0,00";"0,00";"-";"0,00";"0,00";"0,00";"-";"-";"-";"-";"-";"-";"-";"-";"-";"-";"0,00";"0,00";"-";"-";"-";"-";"-";"-"
"UF";"33";"Rio de Janeiro";"100 anos ou mais";"Amarela";"0,00";"-";"0,00";"-";"-";"-";"-";"-";"-";"-";"-";"-";"-";"-";"-";"-";"0,00";"-";"0,00";"-";"-";"-";"-";"-";"-";"-";"-";"-";"-";"-";"-";"-";"-";"-";"-";"-"
"UF";"33";"Rio de Janeiro";"100 anos ou mais";"Parda";"0,00";"0,00";"0,00";"0,00";"0,00";"0,00";"0,00";"-";"0,00";"0,00";"0,00";"0,00";"0,00";"0,00";"0,00";"-";"0,00";"0,00";"-";"-";"0,00";"0,00";"-";"-";"-";"-";"-";"-";"0,00";"0,00";"-";"-";"0,00";"0,00";"-";"-"
"UF";"33";"Rio de Janeiro";"100 anos ou mais";"Indígena";"0,00";"0,00";"0,00";"0,00";"0,00";"0,00";"-";"-";"-";"-";"-";"-";"-";"-";"-";"-";"0,00";"-";"0,00";"0,00";"-";"-";"-";"-";"-";"-";"-";"-";"-";"-";"-";"-";"-";"-";"-";"-"
"Fonte: IBGE - Censo Demográfico"

"Notas"
"1 - Dados do Universo"
"2 - No Censo Demográfico 2022, definiu-se como indígena a pessoa residente em localidades indígenas que se declarou indígena pelo quesito de cor ou raça ou pelo quesito se considera indígena; ou a pessoa residente fora das localidades indígenas que se declarou indígena no quesito de cor ou raça. Por essa razão, o total de pessoas indígenas é superior ou igual ao total de pessoas de cor ou raça declarada indígena, nos diferentes recortes."
"3 - No Censo Demográfico 2022, foram consideradas localidades indígenas aquelas que compõem o conjunto das Terras Indígenas, dos agrupamentos indígenas e das demais áreas de conhecida ou potencial ocupação indígena. Para mais detalhes, consultar a documentação metodológica."
"4 - No Censo Demográfico 2022, foram consideradas as Terras Indígenas declaradas, homologadas, regularizadas ou encaminhadas como Reservas Indígenas até 31 de julho de 2022, data de referência da pesquisa, conforme os dados da Fundação Nacional dos Povos Indígenas – FUNAI. Para mais informações, consultar a documentação metodológica."
"5 - A categoria Total de cor ou raça inclui os ignorados omitidos na tabela."
""
"Legenda"
"Símbolo";"Significado"
"-";"Zero absoluto, não resultante de um cálculo ou arredondamento.
Ex: Em determinado município não existem pessoas de 14 anos de idade sem instrução."
"0";"Zero resultante de um cálculo ou arredondamento.
Ex: A inflação do feijão em determinada Região Metropolitana foi 0.
Determinado município produziu 400 kg de sementes de girassol e os dados da tabela são expressos em toneladas."
"X";"Valor inibido para não identificar o informante.
Ex: Determinado município só possui uma empresa produtora de cimento, logo o valor de sua produção deve ser inibido."
"..";"Valor não se aplica.
Ex: Não se pode obter o total da produção agrícola em determinado município quando os produtos agrícolas são contabilizados com unidades de medida distintas."
"...";"Valor não disponível.
Ex: A produção de feijão em determinado município não foi pesquisada ou determinado município não existia no ano da pesquisa."
"A a Z
(exceto X)";"Significa uma faixa de valores. Varia em função da tabela (se for o caso).
Ex: O nível de precisão da produção estimada de combustíveis está na faixa A (95 a 100%)"
